▲ Next.js 16.3.4
- Local:         http://127.0.0.1:3026
- Network:       http://127.0.0.1:3026
✓ Ready in 151ms
✓ Running next.config.ts took 39ms
{"timestamp":"2026-09-30T14:55:37.967Z","level":"info","event":"LOGIN_SUCCESS","requestId":"e30fd75d-5973-4b41-b40f-5d159c9a2e1c","outcome":"SUCCESS","stallId":"22222222-2222-4222-8222-222222222222","actorProfileId":"55555555-5555-4555-8555-555555555552"}
{"timestamp":"2026-09-30T14:55:37.967Z","level":"info","event":"request_completed","route":"/api/auth/login","requestId":"e30fd75d-5973-4b41-b40f-5d159c9a2e1c","status":200,"totalMs":316.3,"dbQueryCount":10,"dbMs":100.2,"authMs":252.4,"sessionMs":26.5}
{"timestamp":"2026-09-30T14:55:38.183Z","level":"info","event":"request_completed","route":"/staff/:stallSlug","requestId":"f99a0463-f18e-453a-a6cd-c6e49048e5d0","status":200,"totalMs":161.5,"dbQueryCount":17,"dbMs":160.8,"authMs":37.2}
{"timestamp":"2026-09-30T14:55:39.214Z","level":"info","event":"LOGIN_SUCCESS","requestId":"cafa72cb-21e0-4983-9e8b-fbb0a9c38b4a","outcome":"SUCCESS","stallId":"22222222-2222-4222-8222-222222222222","actorProfileId":"55555555-5555-4555-8555-555555555553"}
{"timestamp":"2026-09-30T14:55:39.214Z","level":"info","event":"request_completed","route":"/api/auth/login","requestId":"cafa72cb-21e0-4983-9e8b-fbb0a9c38b4a","status":200,"totalMs":284.3,"dbQueryCount":10,"dbMs":68.9,"authMs":242.9,"sessionMs":20.8}
{"timestamp":"2026-09-30T14:55:39.346Z","level":"info","event":"request_completed","route":"/kitchen","requestId":"15726f8f-efd1-40de-a2c0-7bffcd2947fb","status":200,"totalMs":100.7,"dbQueryCount":9,"dbMs":100.4,"authMs":48.1}
{"timestamp":"2026-09-30T14:55:40.062Z","level":"info","event":"LOGIN_SUCCESS","requestId":"357781b9-725d-4666-9ac7-a63668e5ec30","outcome":"SUCCESS","actorProfileId":"55555555-5555-4555-8555-555555555551"}
{"timestamp":"2026-09-30T14:55:40.063Z","level":"info","event":"request_completed","route":"/api/auth/login","requestId":"357781b9-725d-4666-9ac7-a63668e5ec30","status":200,"totalMs":300.6,"dbQueryCount":10,"dbMs":52.1,"authMs":266,"sessionMs":14}
{"timestamp":"2026-09-30T14:55:40.160Z","level":"info","event":"request_completed","route":"/merchant/dashboard","requestId":"fbfb5dc5-3eeb-4be4-872e-8fbe660b30a1","status":200,"totalMs":49,"dbQueryCount":7,"dbMs":47.9,"authMs":30}
{"timestamp":"2026-09-30T14:55:40.366Z","level":"info","event":"request_completed","route":"/q/:qrToken","requestId":"2b9b9642-9b32-488b-aa04-11d83dafe470","status":200,"totalMs":45.7,"dbMs":45.1,"renderMs":45.7}
{"timestamp":"2026-09-30T14:55:41.766Z","level":"info","event":"request_completed","route":"/q/:qrToken","requestId":"4343bce3-ace4-4419-a727-a0fc54e92dd2","status":200,"totalMs":25.7,"dbMs":25.1,"renderMs":25.7}
{"timestamp":"2026-09-30T14:55:43.112Z","level":"info","event":"request_completed","route":"/q/:qrToken","requestId":"e8a527b7-79b2-4f78-b7b8-fdb69195d9c3","status":200,"totalMs":24.8,"dbMs":24.3,"renderMs":24.8}
{"timestamp":"2026-09-30T14:55:43.724Z","level":"info","event":"request_completed","route":"/q/:qrToken","requestId":"79b6e8e5-1fb7-45c7-a64e-4cec5a27aa02","status":200,"totalMs":25.3,"dbMs":25,"renderMs":25.3}
{"timestamp":"2026-09-30T14:55:45.038Z","level":"info","event":"request_completed","route":"/q/:qrToken","requestId":"7f2487de-8518-44ca-a95a-26b99488ccf4","status":200,"totalMs":26.2,"dbMs":25.8,"renderMs":26.2}
{"timestamp":"2026-09-30T14:55:46.358Z","level":"info","event":"request_completed","route":"/q/:qrToken","requestId":"105bebcc-2bdf-4ea1-8333-279da10f7665","status":200,"totalMs":30,"dbMs":29.6,"renderMs":30}
{"timestamp":"2026-09-30T14:55:47.713Z","level":"info","event":"request_completed","route":"/q/:qrToken","requestId":"8e1df4d0-ea49-442c-a924-cf004789475e","status":200,"totalMs":29.7,"dbMs":29.3,"renderMs":29.7}
{"timestamp":"2026-09-30T14:55:48.269Z","level":"info","event":"request_completed","route":"/q/:qrToken","requestId":"97266d0a-e35f-4d16-a19c-85e22e306b39","status":200,"totalMs":32.3,"dbMs":32,"renderMs":32.2}
{"timestamp":"2026-09-30T14:55:49.664Z","level":"info","event":"request_completed","route":"/q/:qrToken","requestId":"3b9abce4-0369-4a0d-a691-fad43cedc588","status":200,"totalMs":25.8,"dbMs":25.5,"renderMs":25.8}
{"timestamp":"2026-09-30T14:55:51.039Z","level":"info","event":"request_completed","route":"/q/:qrToken","requestId":"61e50853-1702-442c-91cf-3d1bffeb54c9","status":200,"totalMs":24,"dbMs":23.8,"renderMs":24}
{"timestamp":"2026-09-30T14:55:52.362Z","level":"info","event":"request_completed","route":"/q/:qrToken","requestId":"99d2d198-e45e-4dd7-bd78-8890a80621ff","status":200,"totalMs":28.6,"dbMs":28.3,"renderMs":28.6}
{"timestamp":"2026-09-30T14:55:52.967Z","level":"info","event":"request_completed","route":"/q/:qrToken","requestId":"527ce7fa-efd2-47d0-821e-314070cc38dc","status":200,"totalMs":24.7,"dbMs":24.5,"renderMs":24.7}
{"timestamp":"2026-09-30T14:55:53.514Z","level":"info","event":"request_completed","route":"/q/:qrToken","requestId":"798d2fe6-6def-4f15-b6e4-79f23bf7d281","status":200,"totalMs":25,"dbMs":24.8,"renderMs":25}
{"timestamp":"2026-09-30T14:55:54.891Z","level":"info","event":"request_completed","route":"/q/:qrToken","requestId":"cac5c31e-111c-4e0c-8bdc-3df9d70cf216","status":200,"totalMs":25.5,"dbMs":25.3,"renderMs":25.5}
{"timestamp":"2026-09-30T14:55:56.208Z","level":"info","event":"request_completed","route":"/q/:qrToken","requestId":"8ea07ce5-6eed-41fa-a0da-c9384991e55b","status":200,"totalMs":25.1,"dbMs":24.8,"renderMs":25.1}
{"timestamp":"2026-09-30T14:55:56.756Z","level":"info","event":"request_completed","route":"/q/:qrToken","requestId":"1a4a9158-008f-42c8-81f5-8bf0ca2e1220","status":200,"totalMs":24.5,"dbMs":24.3,"renderMs":24.5}
{"timestamp":"2026-09-30T14:55:58.078Z","level":"info","event":"request_completed","route":"/q/:qrToken","requestId":"89b5cad5-aae6-4de9-be29-7bf9c624489b","status":200,"totalMs":24.7,"dbMs":24.4,"renderMs":24.7}
{"timestamp":"2026-09-30T14:55:59.376Z","level":"info","event":"request_completed","route":"/q/:qrToken","requestId":"8a061216-e99d-4840-a920-7428d3021ec8","status":200,"totalMs":25.8,"dbMs":25.6,"renderMs":25.8}
{"timestamp":"2026-09-30T14:55:59.999Z","level":"info","event":"request_completed","route":"/q/:qrToken","requestId":"72a2b30d-bf32-4735-baa0-75a8e848bbca","status":200,"totalMs":35.9,"dbMs":35.4,"renderMs":35.9}
{"timestamp":"2026-09-30T14:56:01.347Z","level":"info","event":"request_completed","route":"/q/:qrToken","requestId":"4fd83620-54fc-48dc-83dc-3ec0b3b6c563","status":200,"totalMs":25,"dbMs":24.5,"renderMs":25}
{"timestamp":"2026-09-30T14:56:02.687Z","level":"info","event":"request_completed","route":"/q/:qrToken","requestId":"1ffaf106-3332-43b2-a7d9-bed1b76c0354","status":200,"totalMs":30.5,"dbMs":30.3,"renderMs":30.5}
{"timestamp":"2026-09-30T15:01:23.932Z","level":"info","event":"request_completed","route":"/q/:qrToken","requestId":"576b9ea3-c71a-4d0c-88d1-7cd6863cb76c","status":200,"totalMs":55.2,"dbMs":54.9,"renderMs":55.2}
{"timestamp":"2026-09-30T15:01:25.373Z","level":"info","event":"request_completed","route":"/q/:qrToken","requestId":"24977f58-e43d-47e0-b33f-0b528593f72e","status":200,"totalMs":43.9,"dbMs":43.5,"renderMs":43.9}
{"timestamp":"2026-09-30T15:01:26.755Z","level":"info","event":"request_completed","route":"/q/:qrToken","requestId":"79d9167b-a62e-4e36-af6a-f19c20896bc9","status":200,"totalMs":35.8,"dbMs":35.6,"renderMs":35.8}
{"timestamp":"2026-09-30T15:01:28.147Z","level":"info","event":"request_completed","route":"/q/:qrToken","requestId":"acef7ce8-b00c-4410-8788-4ef1baa01035","status":200,"totalMs":29.7,"dbMs":29.4,"renderMs":29.7}
{"timestamp":"2026-09-30T15:01:29.662Z","level":"info","event":"request_completed","route":"/q/:qrToken","requestId":"d43f0f3f-4720-47bf-9a17-eea2691a8406","status":200,"totalMs":27.8,"dbMs":27.5,"renderMs":27.8}
{"timestamp":"2026-09-30T15:01:30.306Z","level":"info","event":"request_completed","route":"/q/:qrToken","requestId":"0a0d05dd-335f-4904-b45d-ab0fbea1539f","status":200,"totalMs":27.8,"dbMs":27.4,"renderMs":27.8}
{"timestamp":"2026-09-30T15:01:31.702Z","level":"info","event":"request_completed","route":"/q/:qrToken","requestId":"db53ce3a-afdd-438e-a6f9-9340fc44f585","status":200,"totalMs":35.7,"dbMs":35.5,"renderMs":35.7}
{"timestamp":"2026-09-30T15:01:33.166Z","level":"info","event":"request_completed","route":"/q/:qrToken","requestId":"9e3efe81-6bcd-448f-921f-a071ad2c20ff","status":200,"totalMs":26.2,"dbMs":26,"renderMs":26.2}
{"timestamp":"2026-09-30T15:01:33.799Z","level":"info","event":"request_completed","route":"/q/:qrToken","requestId":"b24b890a-4498-4d8b-a310-8a176ed523ad","status":200,"totalMs":27.4,"dbMs":27.2,"renderMs":27.4}
{"timestamp":"2026-09-30T15:01:35.210Z","level":"info","event":"request_completed","route":"/q/:qrToken","requestId":"b7d9d20e-2537-4132-97d6-e689b938d845","status":200,"totalMs":29.4,"dbMs":28.9,"renderMs":29.4}
{"timestamp":"2026-09-30T15:01:36.743Z","level":"info","event":"request_completed","route":"/q/:qrToken","requestId":"fa978fe4-fc3e-4f5f-b77b-e8f547b7762b","status":200,"totalMs":24.9,"dbMs":24.5,"renderMs":24.9}
{"timestamp":"2026-09-30T15:01:38.104Z","level":"info","event":"request_completed","route":"/q/:qrToken","requestId":"64baef4b-de2d-4003-8159-f6fde42eaca0","status":200,"totalMs":37,"dbMs":36.4,"renderMs":37}
{"timestamp":"2026-09-30T15:01:38.661Z","level":"info","event":"request_completed","route":"/q/:qrToken","requestId":"5398212d-34a8-4af9-92e2-8a2787532de9","status":200,"totalMs":32.2,"dbMs":32,"renderMs":32.2}
{"timestamp":"2026-09-30T15:01:41.225Z","level":"info","event":"request_completed","route":"/q/:qrToken","requestId":"b5dd7483-1f3f-43a8-b394-e8488ff3b7a3","status":200,"totalMs":205.2,"dbMs":205,"renderMs":205.2}
{"timestamp":"2026-09-30T15:01:42.339Z","level":"info","event":"request_completed","route":"/q/:qrToken","requestId":"c16f7257-232e-4c34-83ed-4770ae3893da","status":200,"totalMs":53.3,"dbMs":53.1,"renderMs":53.3}
{"timestamp":"2026-09-30T15:01:42.810Z","level":"info","event":"request_completed","route":"/q/:qrToken","requestId":"5d25ec52-2fb0-4708-842f-1e20c8d9cc04","status":200,"totalMs":32.9,"dbMs":32.6,"renderMs":32.9}
{"timestamp":"2026-09-30T15:01:43.298Z","level":"info","event":"request_completed","route":"/q/:qrToken","requestId":"2447fa2a-5c96-4375-9022-dba7ccb37b9c","status":200,"totalMs":35.6,"dbMs":35.4,"renderMs":35.6}
{"timestamp":"2026-09-30T15:01:46.170Z","level":"info","event":"request_completed","route":"/q/:qrToken","requestId":"cb8ffb5d-b815-41f1-a783-591e78a2a3b7","status":200,"totalMs":30.1,"dbMs":29.9,"renderMs":30.1}
{"timestamp":"2026-09-30T15:01:46.696Z","level":"info","event":"request_completed","route":"/q/:qrToken","requestId":"617861dd-9ead-4b1c-9807-4e000ec9c3d5","status":200,"totalMs":28.4,"dbMs":28.1,"renderMs":28.4}
{"timestamp":"2026-09-30T15:01:47.220Z","level":"info","event":"request_completed","route":"/q/:qrToken","requestId":"103602f7-e8ef-4bde-86e0-ce406d393b6e","status":200,"totalMs":27.7,"dbMs":27.4,"renderMs":27.7}
{"timestamp":"2026-09-30T15:07:08.362Z","level":"info","event":"request_completed","route":"/q/:qrToken","requestId":"f6ee10eb-86bd-45f4-af41-509adaa8394a","status":200,"totalMs":70.6,"dbMs":70.3,"renderMs":70.6}
{"timestamp":"2026-09-30T15:07:08.865Z","level":"info","event":"request_completed","route":"/q/:qrToken","requestId":"479c6da1-4a4b-4055-96ea-9f5d1c6f2e24","status":200,"totalMs":43.3,"dbMs":43.1,"renderMs":43.3}
{"timestamp":"2026-09-30T15:07:09.314Z","level":"info","event":"request_completed","route":"/q/:qrToken","requestId":"62740f2f-733f-451d-b4d8-f9934e1c170f","status":200,"totalMs":31.9,"dbMs":31.5,"renderMs":31.9}
{"timestamp":"2026-09-30T15:07:09.812Z","level":"info","event":"request_completed","route":"/q/:qrToken","requestId":"abe02d99-5130-4e83-8316-498480ff67b2","status":200,"totalMs":25.8,"dbMs":25.6,"renderMs":25.8}
{"timestamp":"2026-09-30T15:07:10.321Z","level":"info","event":"request_completed","route":"/q/:qrToken","requestId":"c3f1572d-584b-4e91-9c09-a92bf3dbdf4f","status":200,"totalMs":24.6,"dbMs":24.2,"renderMs":24.6}
{"timestamp":"2026-09-30T15:07:10.831Z","level":"info","event":"request_completed","route":"/q/:qrToken","requestId":"0a20e991-7eaf-4883-896c-59fc89fb5ecc","status":200,"totalMs":38.5,"dbMs":38.3,"renderMs":38.5}
{"timestamp":"2026-09-30T15:07:12.123Z","level":"info","event":"request_completed","route":"/q/:qrToken","requestId":"c4f01c55-63ac-46f7-92d3-44eedf7b81ee","status":200,"totalMs":26.5,"dbMs":26.3,"renderMs":26.5}
{"timestamp":"2026-09-30T15:07:12.638Z","level":"info","event":"request_completed","route":"/q/:qrToken","requestId":"4409f5c4-cdfc-4c72-b65f-42c55e484ef4","status":200,"totalMs":27.6,"dbMs":27.4,"renderMs":27.6}
{"timestamp":"2026-09-30T15:07:13.125Z","level":"info","event":"request_completed","route":"/q/:qrToken","requestId":"c88e33fb-c182-42c5-aa78-b41974507a06","status":200,"totalMs":29.4,"dbMs":29.1,"renderMs":29.4}
{"timestamp":"2026-09-30T15:07:13.660Z","level":"info","event":"request_completed","route":"/q/:qrToken","requestId":"4bb37132-7247-4002-8bbb-839a4b89d475","status":200,"totalMs":39.2,"dbMs":38.8,"renderMs":39.2}
{"timestamp":"2026-09-30T15:12:34.831Z","level":"info","event":"request_completed","route":"/q/:qrToken","requestId":"85b69c68-d4af-460f-a83e-adcad085c24a","status":200,"totalMs":80.1,"dbMs":79.8,"renderMs":80.1}
{"timestamp":"2026-09-30T15:12:35.340Z","level":"info","event":"request_completed","route":"/q/:qrToken","requestId":"e2df172b-4a6a-4ce5-8fdc-dd16007b1669","status":200,"totalMs":47.8,"dbMs":47.4,"renderMs":47.8}
{"timestamp":"2026-09-30T15:12:35.812Z","level":"info","event":"request_completed","route":"/q/:qrToken","requestId":"bc158226-a07b-4e42-b33b-884f97b1bdf2","status":200,"totalMs":34.1,"dbMs":33.6,"renderMs":34}
{"timestamp":"2026-09-30T15:12:36.323Z","level":"info","event":"request_completed","route":"/q/:qrToken","requestId":"95ea6101-7af2-45b3-8487-c95fd2113664","status":200,"totalMs":29.8,"dbMs":29.1,"renderMs":29.8}
{"timestamp":"2026-09-30T15:12:36.815Z","level":"info","event":"request_completed","route":"/q/:qrToken","requestId":"28729bd7-fe7a-4ae7-8cf4-be70a53d6530","status":200,"totalMs":25.9,"dbMs":25.6,"renderMs":25.9}
{"timestamp":"2026-09-30T15:12:37.345Z","level":"info","event":"request_completed","route":"/q/:qrToken","requestId":"bfa6a9ca-08b0-4069-828c-abd97f078016","status":200,"totalMs":33.2,"dbMs":32.6,"renderMs":33.2}
{"timestamp":"2026-09-30T15:12:37.893Z","level":"info","event":"request_completed","route":"/q/:qrToken","requestId":"43394a71-7718-4ea3-8869-3107b9c275e9","status":200,"totalMs":28.4,"dbMs":28.1,"renderMs":28.4}
{"timestamp":"2026-09-30T15:12:38.376Z","level":"info","event":"request_completed","route":"/q/:qrToken","requestId":"9ef63d90-167f-489f-b3e3-2f4b32c33dab","status":200,"totalMs":27.6,"dbMs":27.4,"renderMs":27.6}
{"timestamp":"2026-09-30T15:12:38.941Z","level":"info","event":"request_completed","route":"/q/:qrToken","requestId":"b239b1ff-c847-4365-bac5-0877099fbd86","status":200,"totalMs":27.4,"dbMs":27,"renderMs":27.4}
{"timestamp":"2026-09-30T15:12:39.512Z","level":"info","event":"request_completed","route":"/q/:qrToken","requestId":"895f73f8-d4a9-4365-88bc-3907bbd131c8","status":200,"totalMs":28.7,"dbMs":28.4,"renderMs":28.7}
{"timestamp":"2026-09-30T15:18:00.646Z","level":"info","event":"request_completed","route":"/q/:qrToken","requestId":"2a2838ee-268e-484e-a063-30f74bcc7059","status":200,"totalMs":75.4,"dbMs":75.1,"renderMs":75.3}
{"timestamp":"2026-09-30T15:18:01.075Z","level":"info","event":"request_completed","route":"/q/:qrToken","requestId":"3293f1be-3a45-4343-ad71-494d105fb637","status":200,"totalMs":30.2,"dbMs":29.7,"renderMs":30.2}
{"timestamp":"2026-09-30T15:18:01.581Z","level":"info","event":"request_completed","route":"/q/:qrToken","requestId":"45c465d5-5465-400d-bf70-6def424d4504","status":200,"totalMs":36.7,"dbMs":36.5,"renderMs":36.7}
{"timestamp":"2026-09-30T15:18:02.109Z","level":"info","event":"request_completed","route":"/q/:qrToken","requestId":"2b7f856e-fcc2-43a1-b076-1f822bcc5abc","status":200,"totalMs":25.8,"dbMs":25.6,"renderMs":25.8}
{"timestamp":"2026-09-30T15:18:04.480Z","level":"info","event":"request_completed","route":"/staff/:stallSlug","requestId":"f5cdeb7d-d12c-4543-9c3d-017c9b463cdd","status":200,"totalMs":136.1,"dbQueryCount":17,"dbMs":135.8,"authMs":25}
{"timestamp":"2026-09-30T15:18:06.357Z","level":"info","event":"request_completed","route":"/staff/:stallSlug","requestId":"0e99d2fd-5174-4f97-a304-fd7c00c5d175","status":200,"totalMs":102.1,"dbQueryCount":17,"dbMs":101.8,"authMs":25.2}
{"timestamp":"2026-09-30T15:18:08.455Z","level":"info","event":"request_completed","route":"/staff/:stallSlug","requestId":"0446ffa0-149d-4997-8a80-ce205a234eb3","status":200,"totalMs":132.7,"dbQueryCount":17,"dbMs":132.3,"authMs":33.5}
{"timestamp":"2026-09-30T15:18:10.983Z","level":"info","event":"request_completed","route":"/staff/:stallSlug","requestId":"f0459f3a-ca3f-4373-b16c-f52e56e245d2","status":200,"totalMs":103.2,"dbQueryCount":17,"dbMs":102.7,"authMs":20.8}
{"timestamp":"2026-09-30T15:18:13.192Z","level":"info","event":"request_completed","route":"/staff/:stallSlug","requestId":"d7206f76-2ea4-48d5-bf60-c4bc26b0f673","status":200,"totalMs":127.9,"dbQueryCount":17,"dbMs":127.6,"authMs":26.2}
{"timestamp":"2026-09-30T15:18:15.181Z","level":"info","event":"request_completed","route":"/staff/:stallSlug","requestId":"249e3db5-bc26-4f6b-aab4-771b805b6404","status":200,"totalMs":139.3,"dbQueryCount":17,"dbMs":139.1,"authMs":59.8}
{"timestamp":"2026-09-30T15:18:17.348Z","level":"info","event":"request_completed","route":"/staff/:stallSlug","requestId":"6a2d723d-271b-443b-b5a5-a6dd1ad8b3e5","status":200,"totalMs":74.5,"dbQueryCount":17,"dbMs":74.2,"authMs":16}
{"timestamp":"2026-09-30T15:18:19.521Z","level":"info","event":"request_completed","route":"/staff/:stallSlug","requestId":"e1a09566-b454-4724-80ea-578d9f155258","status":200,"totalMs":95.3,"dbQueryCount":17,"dbMs":95,"authMs":29.1}
{"timestamp":"2026-09-30T15:18:21.630Z","level":"info","event":"request_completed","route":"/staff/:stallSlug","requestId":"f2cbd9a1-cf6d-470a-96e7-b2174f4acd2e","status":200,"totalMs":102.5,"dbQueryCount":17,"dbMs":102.3,"authMs":17.7}
{"timestamp":"2026-09-30T15:18:23.545Z","level":"info","event":"request_completed","route":"/staff/:stallSlug","requestId":"3f769b71-ed5d-405b-8bdc-ed23663cd0ba","status":200,"totalMs":142.2,"dbQueryCount":17,"dbMs":141.9,"authMs":20.9}
{"timestamp":"2026-09-30T15:18:25.592Z","level":"info","event":"request_completed","route":"/staff/:stallSlug","requestId":"dea07eb5-d4d3-4d5e-b4b9-dcbc39b3cf77","status":200,"totalMs":118.3,"dbQueryCount":17,"dbMs":118.1,"authMs":31.2}
{"timestamp":"2026-09-30T15:18:27.532Z","level":"info","event":"request_completed","route":"/staff/:stallSlug","requestId":"e681dc65-efda-4bed-96f9-936c105144bd","status":200,"totalMs":85.9,"dbQueryCount":17,"dbMs":85.6,"authMs":25.6}
{"timestamp":"2026-09-30T15:18:29.626Z","level":"info","event":"request_completed","route":"/staff/:stallSlug","requestId":"f1bf7cb1-700e-42d6-a7e3-ded088dd3ac5","status":200,"totalMs":84.2,"dbQueryCount":17,"dbMs":83.9,"authMs":18.6}
{"timestamp":"2026-09-30T15:18:31.736Z","level":"info","event":"request_completed","route":"/staff/:stallSlug","requestId":"2e4fce14-1415-4164-95d6-a8225ce29553","status":200,"totalMs":105.9,"dbQueryCount":17,"dbMs":105.7,"authMs":14.6}
{"timestamp":"2026-09-30T15:18:33.570Z","level":"info","event":"request_completed","route":"/staff/:stallSlug","requestId":"257c0a6b-369b-4aa5-be50-e6b10983409c","status":200,"totalMs":75.5,"dbQueryCount":17,"dbMs":75.2,"authMs":18.9}
{"timestamp":"2026-09-30T15:18:35.719Z","level":"info","event":"request_completed","route":"/staff/:stallSlug","requestId":"21b327c2-9d80-4cf8-9de7-df15e868f620","status":200,"totalMs":77.7,"dbQueryCount":17,"dbMs":77.4,"authMs":16.5}
{"timestamp":"2026-09-30T15:18:37.816Z","level":"info","event":"request_completed","route":"/staff/:stallSlug","requestId":"5f309390-f500-4bad-9661-924c34d5d07f","status":200,"totalMs":82.4,"dbQueryCount":17,"dbMs":82.1,"authMs":22.7}
{"timestamp":"2026-09-30T15:18:39.735Z","level":"info","event":"request_completed","route":"/staff/:stallSlug","requestId":"32a7f552-bd36-486d-a88b-57940c9f653e","status":200,"totalMs":94.9,"dbQueryCount":17,"dbMs":94.6,"authMs":18.2}
{"timestamp":"2026-09-30T15:18:41.866Z","level":"info","event":"request_completed","route":"/staff/:stallSlug","requestId":"7d5269ba-a690-49b6-8788-c20a8814aea0","status":200,"totalMs":75,"dbQueryCount":17,"dbMs":74.8,"authMs":24.9}
{"timestamp":"2026-09-30T15:18:43.753Z","level":"info","event":"request_completed","route":"/staff/:stallSlug","requestId":"9cb7d8b0-ca0a-4b74-9845-d38109a57315","status":200,"totalMs":69.6,"dbQueryCount":17,"dbMs":69.4,"authMs":13.9}
{"timestamp":"2026-09-30T15:18:47.546Z","level":"info","event":"request_completed","route":"/staff/:stallSlug","requestId":"89fc3cae-1c15-4969-91ae-566e3d5fd6ae","status":200,"totalMs":1816.9,"dbQueryCount":17,"dbMs":1816.6,"authMs":195.4}
{"timestamp":"2026-09-30T15:18:51.620Z","level":"info","event":"request_completed","route":"/staff/:stallSlug","requestId":"780f1799-dddc-4a3a-af08-c159f031c8b2","status":200,"totalMs":720.5,"dbQueryCount":17,"dbMs":720.2,"authMs":145.3}
{"timestamp":"2026-09-30T15:18:53.424Z","level":"info","event":"request_completed","route":"/staff/:stallSlug","requestId":"7b0dd3d7-28a3-43b5-89c3-740e1df2f690","status":200,"totalMs":187.5,"dbQueryCount":17,"dbMs":187.2,"authMs":38.7}
{"timestamp":"2026-09-30T15:18:55.345Z","level":"info","event":"request_completed","route":"/staff/:stallSlug","requestId":"77f67e75-093d-41b6-bfbe-8054a57aac9b","status":200,"totalMs":90.7,"dbQueryCount":17,"dbMs":90.5,"authMs":22.8}
{"timestamp":"2026-09-30T15:18:57.534Z","level":"info","event":"request_completed","route":"/staff/:stallSlug","requestId":"b61a3bdb-4897-4318-b221-9e7784baab93","status":200,"totalMs":135.8,"dbQueryCount":17,"dbMs":135.5,"authMs":46.4}
{"timestamp":"2026-09-30T15:18:59.777Z","level":"info","event":"request_completed","route":"/staff/:stallSlug","requestId":"92021bde-002b-4c54-b7a6-845df65d9aa9","status":200,"totalMs":398.9,"dbQueryCount":17,"dbMs":398.6,"authMs":119.7}
{"timestamp":"2026-09-30T15:19:01.743Z","level":"info","event":"request_completed","route":"/staff/:stallSlug","requestId":"3558536d-6e77-4835-bf96-4056ca64b0a7","status":200,"totalMs":76.7,"dbQueryCount":17,"dbMs":76.4,"authMs":23.9}
{"timestamp":"2026-09-30T15:19:03.643Z","level":"info","event":"request_completed","route":"/staff/:stallSlug","requestId":"c69a5686-f065-477a-af45-d37bc7dfca77","status":200,"totalMs":170,"dbQueryCount":17,"dbMs":169.8,"authMs":29.6}
{"timestamp":"2026-09-30T15:19:06.542Z","level":"info","event":"request_completed","route":"/staff/:stallSlug","requestId":"4caff63b-ca15-45f2-8f37-12ebdf8d0fca","status":200,"totalMs":1128.6,"dbQueryCount":17,"dbMs":1127.8,"authMs":224.2}
{"timestamp":"2026-09-30T15:19:11.092Z","level":"info","event":"request_completed","route":"/staff/:stallSlug","requestId":"e579e4d0-2043-47c3-944a-b7b253339d9d","status":200,"totalMs":656.9,"dbQueryCount":17,"dbMs":656.5,"authMs":76.6}
{"timestamp":"2026-09-30T15:19:14.651Z","level":"info","event":"request_completed","route":"/staff/:stallSlug","requestId":"e71f5f73-08d8-425d-b053-a74bbabd1a24","status":200,"totalMs":148.9,"dbQueryCount":17,"dbMs":148.7,"authMs":63.2}
{"timestamp":"2026-09-30T15:19:16.503Z","level":"info","event":"request_completed","route":"/staff/:stallSlug","requestId":"6441e0e1-9fd1-4e8b-8baf-70ccea97c655","status":200,"totalMs":76.4,"dbQueryCount":17,"dbMs":76,"authMs":19.1}
{"timestamp":"2026-09-30T15:19:18.426Z","level":"info","event":"request_completed","route":"/staff/:stallSlug","requestId":"42b40d23-efa4-46b0-9032-8a3a55e630e7","status":200,"totalMs":98.9,"dbQueryCount":17,"dbMs":98.7,"authMs":20.9}
{"timestamp":"2026-09-30T15:19:20.215Z","level":"info","event":"request_completed","route":"/staff/:stallSlug","requestId":"e4adbd70-8022-4419-90c6-556c4b0b451e","status":200,"totalMs":119.5,"dbQueryCount":17,"dbMs":119.2,"authMs":33.1}
{"timestamp":"2026-09-30T15:19:22.034Z","level":"info","event":"request_completed","route":"/staff/:stallSlug","requestId":"26dc9f27-52a6-4b41-b3d3-aa93785d3b62","status":200,"totalMs":92.1,"dbQueryCount":17,"dbMs":90.9,"authMs":27}
{"timestamp":"2026-09-30T15:19:23.765Z","level":"info","event":"request_completed","route":"/staff/:stallSlug","requestId":"861afef4-cb18-48e5-b57c-db9a81582063","status":200,"totalMs":102.5,"dbQueryCount":17,"dbMs":102.2,"authMs":15.8}
{"timestamp":"2026-09-30T15:19:25.498Z","level":"info","event":"request_completed","route":"/staff/:stallSlug","requestId":"6a043e39-0fa3-49fa-a597-3f42bfb9f776","status":200,"totalMs":115.9,"dbQueryCount":17,"dbMs":115.5,"authMs":44.5}
{"timestamp":"2026-09-30T15:19:27.491Z","level":"info","event":"request_completed","route":"/staff/:stallSlug","requestId":"74b4cd7f-22d8-41c3-b63b-fe9a3db33cfd","status":200,"totalMs":91.1,"dbQueryCount":17,"dbMs":90.7,"authMs":25.6}
{"timestamp":"2026-09-30T15:19:29.217Z","level":"info","event":"request_completed","route":"/staff/:stallSlug","requestId":"58a43d15-8809-480d-9138-77e008837564","status":200,"totalMs":99.9,"dbQueryCount":17,"dbMs":99.6,"authMs":23.9}
{"timestamp":"2026-09-30T15:19:31.053Z","level":"info","event":"request_completed","route":"/staff/:stallSlug","requestId":"6cc04877-1936-45cc-bac7-085b19925b35","status":200,"totalMs":90,"dbQueryCount":17,"dbMs":89.7,"authMs":19.3}
{"timestamp":"2026-09-30T15:19:33.033Z","level":"info","event":"request_completed","route":"/staff/:stallSlug","requestId":"37ab63e4-faef-4e15-bc13-29a738ae6584","status":200,"totalMs":299.6,"dbQueryCount":17,"dbMs":299.1,"authMs":136.6}
{"timestamp":"2026-09-30T15:19:34.793Z","level":"info","event":"request_completed","route":"/staff/:stallSlug","requestId":"8e74e637-9a86-448c-9149-f4785ccb3ca8","status":200,"totalMs":108.1,"dbQueryCount":17,"dbMs":107,"authMs":35.8}
{"timestamp":"2026-09-30T15:19:36.476Z","level":"info","event":"request_completed","route":"/staff/:stallSlug","requestId":"2ca12ae3-ac8e-4a2e-95b3-86af31a9755a","status":200,"totalMs":83,"dbQueryCount":17,"dbMs":82.6,"authMs":14.5}
{"timestamp":"2026-09-30T15:19:38.208Z","level":"info","event":"request_completed","route":"/staff/:stallSlug","requestId":"c30ba689-d93a-4ddb-a5c5-1a83a146444a","status":200,"totalMs":70.6,"dbQueryCount":17,"dbMs":70.3,"authMs":17.9}
{"timestamp":"2026-09-30T15:19:40.172Z","level":"info","event":"request_completed","route":"/staff/:stallSlug","requestId":"41f9846f-dcdc-4f5a-a9cc-b95a25be4709","status":200,"totalMs":149.4,"dbQueryCount":17,"dbMs":149.2,"authMs":57.9}
{"timestamp":"2026-09-30T15:19:41.921Z","level":"info","event":"request_completed","route":"/staff/:stallSlug","requestId":"8501fb29-a846-453f-b670-7b34f31e7a0c","status":200,"totalMs":65.5,"dbQueryCount":17,"dbMs":65.3,"authMs":13}
{"timestamp":"2026-09-30T15:19:43.833Z","level":"info","event":"request_completed","route":"/staff/:stallSlug","requestId":"a7ce8ee3-c9a3-4e9a-8b22-50fe7ab6659a","status":200,"totalMs":86.2,"dbQueryCount":17,"dbMs":85.9,"authMs":23.4}
{"timestamp":"2026-09-30T15:19:45.571Z","level":"info","event":"request_completed","route":"/staff/:stallSlug","requestId":"df03ed9a-bd1d-4f1c-a99d-e9663d4f04d8","status":200,"totalMs":102.3,"dbQueryCount":17,"dbMs":101.9,"authMs":20.9}
{"timestamp":"2026-09-30T15:19:47.457Z","level":"info","event":"request_completed","route":"/staff/:stallSlug","requestId":"b4ad78f6-2276-4d65-87e3-7fc982cfc2a4","status":200,"totalMs":86.3,"dbQueryCount":17,"dbMs":85.9,"authMs":21.7}
{"timestamp":"2026-09-30T15:19:49.231Z","level":"info","event":"request_completed","route":"/staff/:stallSlug","requestId":"1b6ddc90-0519-492f-83e3-dcdf0072ff92","status":200,"totalMs":88.3,"dbQueryCount":17,"dbMs":88.1,"authMs":19.1}
{"timestamp":"2026-09-30T15:19:51.111Z","level":"info","event":"request_completed","route":"/staff/:stallSlug","requestId":"005e816d-7f99-42b4-8d5c-6d3d4edaa0fa","status":200,"totalMs":81.2,"dbQueryCount":17,"dbMs":80.9,"authMs":14.9}
{"timestamp":"2026-09-30T15:19:53.029Z","level":"info","event":"request_completed","route":"/staff/:stallSlug","requestId":"36264952-2995-4f36-b7c3-c652a7cf589e","status":200,"totalMs":134.4,"dbQueryCount":17,"dbMs":134.1,"authMs":21}
{"timestamp":"2026-09-30T15:19:53.315Z","level":"warn","event":"RATE_LIMIT_HIT","requestId":"87bee45e-b237-4bb4-86e2-b08506d206dc","outcome":"DENIED","actorProfileId":"55555555-5555-4555-8555-555555555552"}
{"timestamp":"2026-09-30T15:19:53.316Z","level":"warn","event":"RATE_LIMIT_HIT","requestId":"0c6ef66b-b6bd-4bf7-a149-3c8097706129","outcome":"DENIED","actorProfileId":"55555555-5555-4555-8555-555555555552"}
{"timestamp":"2026-09-30T15:19:53.507Z","level":"warn","event":"RATE_LIMIT_HIT","requestId":"49da5abc-225b-41f1-aa88-73f4d21cff5e","outcome":"DENIED","actorProfileId":"55555555-5555-4555-8555-555555555552"}
{"timestamp":"2026-09-30T15:19:54.559Z","level":"warn","event":"RATE_LIMIT_HIT","requestId":"7c2902f3-35f4-4641-8529-0285a5a01a49","outcome":"DENIED","actorProfileId":"55555555-5555-4555-8555-555555555552"}
{"timestamp":"2026-09-30T15:19:56.589Z","level":"warn","event":"RATE_LIMIT_HIT","requestId":"d39279ee-a8e0-4b0a-884e-2a4171ea36c2","outcome":"DENIED","actorProfileId":"55555555-5555-4555-8555-555555555552"}
{"timestamp":"2026-09-30T15:20:00.616Z","level":"warn","event":"RATE_LIMIT_HIT","requestId":"24921266-3fb0-45e7-9f72-6edaf5678cb2","outcome":"DENIED","actorProfileId":"55555555-5555-4555-8555-555555555552"}
{"timestamp":"2026-09-30T15:20:08.346Z","level":"warn","event":"RATE_LIMIT_HIT","requestId":"c30d392d-4a22-4296-a33c-f9721064a137","outcome":"DENIED","actorProfileId":"55555555-5555-4555-8555-555555555552"}
{"timestamp":"2026-09-30T15:20:08.667Z","level":"warn","event":"RATE_LIMIT_HIT","requestId":"7f56fa11-9e64-4571-a892-d8ab003a290a","outcome":"DENIED","actorProfileId":"55555555-5555-4555-8555-555555555552"}
{"timestamp":"2026-09-30T15:20:23.335Z","level":"warn","event":"RATE_LIMIT_HIT","requestId":"516e3055-99b8-458e-b085-27859e645f3e","outcome":"DENIED","actorProfileId":"55555555-5555-4555-8555-555555555552"}
{"timestamp":"2026-09-30T15:20:24.713Z","level":"warn","event":"RATE_LIMIT_HIT","requestId":"3dff0f8e-0184-4df0-ad7d-2ecb095e0ccd","outcome":"DENIED","actorProfileId":"55555555-5555-4555-8555-555555555552"}
{"timestamp":"2026-09-30T15:20:38.309Z","level":"warn","event":"RATE_LIMIT_HIT","requestId":"2ac60eb7-86ab-4e5d-87b5-226430cd7cfa","outcome":"DENIED","actorProfileId":"55555555-5555-4555-8555-555555555552"}
{"timestamp":"2026-09-30T15:20:53.308Z","level":"warn","event":"RATE_LIMIT_HIT","requestId":"5540ad54-f71e-4f13-912e-49b7319873f9","outcome":"DENIED","actorProfileId":"55555555-5555-4555-8555-555555555552"}
{"timestamp":"2026-09-30T15:20:54.741Z","level":"warn","event":"RATE_LIMIT_HIT","requestId":"0ab5ebf5-cec2-4df5-8f99-1fa8dc931963","outcome":"DENIED","actorProfileId":"55555555-5555-4555-8555-555555555552"}
{"timestamp":"2026-09-30T15:21:08.362Z","level":"warn","event":"RATE_LIMIT_HIT","requestId":"b314b56c-be88-4d71-99e9-98fb7bd80ebe","outcome":"DENIED","actorProfileId":"55555555-5555-4555-8555-555555555552"}
{"timestamp":"2026-09-30T15:21:23.311Z","level":"warn","event":"RATE_LIMIT_HIT","requestId":"45d98fc0-eb14-41f1-97a1-4a85b458f13f","outcome":"DENIED","actorProfileId":"55555555-5555-4555-8555-555555555552"}
{"timestamp":"2026-09-30T15:21:24.782Z","level":"warn","event":"RATE_LIMIT_HIT","requestId":"9ce4a0b7-4ef0-410a-82b5-ae99930abd85","outcome":"DENIED","actorProfileId":"55555555-5555-4555-8555-555555555552"}
{"timestamp":"2026-09-30T15:21:38.329Z","level":"warn","event":"RATE_LIMIT_HIT","requestId":"2d87880d-f698-491f-a32f-cd580dc50621","outcome":"DENIED","actorProfileId":"55555555-5555-4555-8555-555555555552"}
{"timestamp":"2026-09-30T15:21:53.338Z","level":"warn","event":"RATE_LIMIT_HIT","requestId":"6126c6f8-9f19-4d4c-8e2c-4868e3943914","outcome":"DENIED","actorProfileId":"55555555-5555-4555-8555-555555555552"}
{"timestamp":"2026-09-30T15:21:54.848Z","level":"warn","event":"RATE_LIMIT_HIT","requestId":"fbe83fb2-1835-4be4-8dd8-46f5beda4428","outcome":"DENIED","actorProfileId":"55555555-5555-4555-8555-555555555552"}
{"timestamp":"2026-09-30T15:22:08.320Z","level":"warn","event":"RATE_LIMIT_HIT","requestId":"27014260-0e22-410f-93d3-b86d2e132f0c","outcome":"DENIED","actorProfileId":"55555555-5555-4555-8555-555555555552"}
{"timestamp":"2026-09-30T15:22:23.313Z","level":"warn","event":"RATE_LIMIT_HIT","requestId":"55690472-1dc5-4af7-bf90-f0d6a4cf4cb5","outcome":"DENIED","actorProfileId":"55555555-5555-4555-8555-555555555552"}
{"timestamp":"2026-09-30T15:22:24.880Z","level":"warn","event":"RATE_LIMIT_HIT","requestId":"91f44a7b-a5f8-41b0-be7c-8b2e3ba2ad12","outcome":"DENIED","actorProfileId":"55555555-5555-4555-8555-555555555552"}
{"timestamp":"2026-09-30T15:22:38.309Z","level":"warn","event":"RATE_LIMIT_HIT","requestId":"7748b43b-ef98-47fc-be7e-24ebdf6bdffb","outcome":"DENIED","actorProfileId":"55555555-5555-4555-8555-555555555552"}
{"timestamp":"2026-09-30T15:22:53.304Z","level":"warn","event":"RATE_LIMIT_HIT","requestId":"cba274a6-bfb7-4aaa-a79d-fb92cccbc5d3","outcome":"DENIED","actorProfileId":"55555555-5555-4555-8555-555555555552"}
{"timestamp":"2026-09-30T15:22:54.916Z","level":"warn","event":"RATE_LIMIT_HIT","requestId":"4225b94e-0d98-4a53-810c-b5c391a0b30a","outcome":"DENIED","actorProfileId":"55555555-5555-4555-8555-555555555552"}
{"timestamp":"2026-09-30T15:23:07.850Z","level":"info","event":"request_completed","route":"/staff/:stallSlug","requestId":"8a8df97a-668f-4868-a700-849dfb53f641","status":200,"totalMs":203.9,"dbQueryCount":17,"dbMs":203.5,"authMs":65.8}
{"timestamp":"2026-09-30T15:23:09.767Z","level":"info","event":"request_completed","route":"/staff/:stallSlug","requestId":"a9cd27bc-d974-4034-a537-7c71b43521c2","status":200,"totalMs":143.7,"dbQueryCount":17,"dbMs":143.4,"authMs":37.7}
{"timestamp":"2026-09-30T15:23:11.982Z","level":"info","event":"request_completed","route":"/staff/:stallSlug","requestId":"9ca36b82-2cea-4909-8e52-39a2d2904742","status":200,"totalMs":143.6,"dbQueryCount":17,"dbMs":143.1,"authMs":34.4}
{"timestamp":"2026-09-30T15:23:14.020Z","level":"info","event":"request_completed","route":"/staff/:stallSlug","requestId":"05410e44-37a7-4b58-9ba3-c8f0892d894d","status":200,"totalMs":138.8,"dbQueryCount":17,"dbMs":138.5,"authMs":17.7}
{"timestamp":"2026-09-30T15:23:15.753Z","level":"info","event":"request_completed","route":"/staff/:stallSlug","requestId":"22c7a5d4-7a25-42be-91d5-8970ed69b136","status":200,"totalMs":105.1,"dbQueryCount":17,"dbMs":104.9,"authMs":21.6}
{"timestamp":"2026-09-30T15:23:17.876Z","level":"info","event":"request_completed","route":"/staff/:stallSlug","requestId":"1fdd3980-82fb-4127-8a3b-cc5b009a3c4f","status":200,"totalMs":114.7,"dbQueryCount":17,"dbMs":114.4,"authMs":28.1}
{"timestamp":"2026-09-30T15:23:19.689Z","level":"info","event":"request_completed","route":"/staff/:stallSlug","requestId":"70542c4c-d209-4ada-b0f0-c4d49e76514c","status":200,"totalMs":102,"dbQueryCount":17,"dbMs":101.7,"authMs":21.2}
{"timestamp":"2026-09-30T15:23:21.465Z","level":"info","event":"request_completed","route":"/staff/:stallSlug","requestId":"247b84ea-9e43-4770-aa1a-d4c68f460478","status":200,"totalMs":90.6,"dbQueryCount":17,"dbMs":90.2,"authMs":27.1}
{"timestamp":"2026-09-30T15:23:23.377Z","level":"info","event":"request_completed","route":"/staff/:stallSlug","requestId":"f5619a97-bb58-497d-a4b7-38f613b477fe","status":200,"totalMs":100.8,"dbQueryCount":17,"dbMs":100.5,"authMs":16.9}
{"timestamp":"2026-09-30T15:23:25.173Z","level":"info","event":"request_completed","route":"/staff/:stallSlug","requestId":"efa8f258-844e-412e-b32a-2ff067b060c9","status":200,"totalMs":106.2,"dbQueryCount":17,"dbMs":105.7,"authMs":38.4}
{"timestamp":"2026-09-30T15:23:27.087Z","level":"info","event":"request_completed","route":"/kitchen","requestId":"a2351f01-f043-48d2-a58b-031279e200a2","status":200,"totalMs":101.4,"dbQueryCount":9,"dbMs":101.1,"authMs":39.1}
{"timestamp":"2026-09-30T15:23:27.419Z","level":"info","event":"request_completed","route":"/api/stalls/:stallSlug/kitchen/board","requestId":"53058c5c-2605-474d-b230-849264a73844","status":200,"totalMs":121.1,"dbQueryCount":9,"dbMs":117.9,"authMs":47.7}
{"timestamp":"2026-09-30T15:23:28.525Z","level":"info","event":"request_completed","route":"/kitchen","requestId":"6fc26170-8b26-467a-9114-26c25721e63f","status":200,"totalMs":83,"dbQueryCount":9,"dbMs":82.9,"authMs":34}
{"timestamp":"2026-09-30T15:23:28.815Z","level":"info","event":"request_completed","route":"/api/stalls/:stallSlug/kitchen/board","requestId":"49f83ef0-5318-4e46-8f51-e0810a7942a2","status":200,"totalMs":91,"dbQueryCount":9,"dbMs":89.5,"authMs":32.5}
{"timestamp":"2026-09-30T15:23:29.963Z","level":"info","event":"request_completed","route":"/kitchen","requestId":"d44f2157-3b08-478f-abb1-cfa65f2b1f62","status":200,"totalMs":93.5,"dbQueryCount":9,"dbMs":93.3,"authMs":34.9}
{"timestamp":"2026-09-30T15:23:30.234Z","level":"info","event":"request_completed","route":"/api/stalls/:stallSlug/kitchen/board","requestId":"f8e10f40-0056-4508-bee6-70bd450f7fa6","status":200,"totalMs":100.1,"dbQueryCount":9,"dbMs":98.8,"authMs":35.4}
{"timestamp":"2026-09-30T15:23:31.372Z","level":"info","event":"request_completed","route":"/kitchen","requestId":"615ce54a-1bf6-4a0e-b8ea-099a0584eca3","status":200,"totalMs":91.1,"dbQueryCount":9,"dbMs":90.8,"authMs":34.4}
{"timestamp":"2026-09-30T15:23:31.646Z","level":"info","event":"request_completed","route":"/api/stalls/:stallSlug/kitchen/board","requestId":"a08eacf1-d26a-4fc3-b6dc-81752a566dc7","status":200,"totalMs":98.1,"dbQueryCount":9,"dbMs":96.6,"authMs":34.3}
{"timestamp":"2026-09-30T15:23:32.773Z","level":"info","event":"request_completed","route":"/kitchen","requestId":"5ceec7dc-236e-4538-894b-357c6ac2aa64","status":200,"totalMs":78.1,"dbQueryCount":9,"dbMs":77.9,"authMs":26.1}
{"timestamp":"2026-09-30T15:23:33.094Z","level":"info","event":"request_completed","route":"/api/stalls/:stallSlug/kitchen/board","requestId":"e227ab5a-feba-4939-84ef-379baabee8aa","status":200,"totalMs":99.1,"dbQueryCount":9,"dbMs":97.5,"authMs":29.5}
{"timestamp":"2026-09-30T15:23:34.225Z","level":"info","event":"request_completed","route":"/kitchen","requestId":"1acc6337-aa76-4c1d-bc6d-b5eef70e2fef","status":200,"totalMs":74.9,"dbQueryCount":9,"dbMs":74.6,"authMs":29.5}
{"timestamp":"2026-09-30T15:23:34.488Z","level":"info","event":"request_completed","route":"/api/stalls/:stallSlug/kitchen/board","requestId":"3577e34b-3d44-4bf4-b47a-2e2f35640811","status":200,"totalMs":81.8,"dbQueryCount":9,"dbMs":80.4,"authMs":34.7}
{"timestamp":"2026-09-30T15:23:35.616Z","level":"info","event":"request_completed","route":"/kitchen","requestId":"7a4923b0-d32b-4e2a-9e1c-3dfb279b80e6","status":200,"totalMs":91.3,"dbQueryCount":9,"dbMs":91.2,"authMs":36.7}
{"timestamp":"2026-09-30T15:23:35.937Z","level":"info","event":"request_completed","route":"/api/stalls/:stallSlug/kitchen/board","requestId":"1e289b88-a9b0-4e77-9fae-ea00bdc08775","status":200,"totalMs":134.1,"dbQueryCount":9,"dbMs":132.4,"authMs":41.3}
{"timestamp":"2026-09-30T15:23:37.203Z","level":"info","event":"request_completed","route":"/kitchen","requestId":"39efd866-aa96-43ce-ae6d-5e14a0847f8f","status":200,"totalMs":246.8,"dbQueryCount":9,"dbMs":246.5,"authMs":24.4}
{"timestamp":"2026-09-30T15:23:37.347Z","level":"info","event":"request_completed","route":"/api/stalls/:stallSlug/kitchen/board","requestId":"03192361-0f84-43c7-8067-7a7ecabed3e0","status":200,"totalMs":87.2,"dbQueryCount":9,"dbMs":85.5,"authMs":25.7}
{"timestamp":"2026-09-30T15:23:37.479Z","level":"info","event":"request_completed","route":"/api/stalls/:stallSlug/kitchen/board","requestId":"1798eba6-ba55-4d1b-af79-8e23c02f8869","status":200,"totalMs":78.4,"dbQueryCount":9,"dbMs":77.2,"authMs":25}
{"timestamp":"2026-09-30T15:23:38.616Z","level":"info","event":"request_completed","route":"/kitchen","requestId":"013f76dc-dacf-4cb4-ada5-dab2c0f37e1d","status":200,"totalMs":97.8,"dbQueryCount":9,"dbMs":97.7,"authMs":41.7}
{"timestamp":"2026-09-30T15:23:38.869Z","level":"info","event":"request_completed","route":"/api/stalls/:stallSlug/kitchen/board","requestId":"daede19c-142a-4003-85a5-9d9a20c55da3","status":200,"totalMs":84.8,"dbQueryCount":9,"dbMs":83.7,"authMs":31.9}
{"timestamp":"2026-09-30T15:23:40.081Z","level":"info","event":"request_completed","route":"/kitchen","requestId":"cf0f53db-15de-41fb-b842-4f7c6e680863","status":200,"totalMs":114.6,"dbQueryCount":9,"dbMs":114.4,"authMs":49.9}
{"timestamp":"2026-09-30T15:23:40.547Z","level":"info","event":"request_completed","route":"/api/stalls/:stallSlug/kitchen/board","requestId":"2b18b95d-edd4-491b-9777-8489019d88f9","status":200,"totalMs":84.8,"dbQueryCount":9,"dbMs":83.5,"authMs":32.5}
{"timestamp":"2026-09-30T15:23:40.657Z","level":"info","event":"request_completed","route":"/api/stalls/:stallSlug/kitchen/board","requestId":"564ed312-07c1-4e20-a823-d652c27c2790","status":200,"totalMs":77.2,"dbQueryCount":9,"dbMs":76.2,"authMs":27.8}
{"timestamp":"2026-09-30T15:23:41.749Z","level":"info","event":"request_completed","route":"/kitchen","requestId":"f5a990c0-298e-4a77-99fd-13f7fc1aa219","status":200,"totalMs":77.9,"dbQueryCount":9,"dbMs":77.7,"authMs":23.4}
{"timestamp":"2026-09-30T15:23:42.017Z","level":"info","event":"request_completed","route":"/api/stalls/:stallSlug/kitchen/board","requestId":"46b890cc-8781-4b1f-9ed8-1ac6855c7f5d","status":200,"totalMs":77.9,"dbQueryCount":9,"dbMs":76.7,"authMs":24.7}
{"timestamp":"2026-09-30T15:23:43.137Z","level":"info","event":"request_completed","route":"/kitchen","requestId":"55f9df4e-dc8f-4579-a70a-dd334e49b728","status":200,"totalMs":72.4,"dbQueryCount":9,"dbMs":72.3,"authMs":25.1}
{"timestamp":"2026-09-30T15:23:43.415Z","level":"info","event":"request_completed","route":"/api/stalls/:stallSlug/kitchen/board","requestId":"1f381ae1-e478-4866-a54c-5ae6e5ce58e1","status":200,"totalMs":81.2,"dbQueryCount":9,"dbMs":79.5,"authMs":29.4}
{"timestamp":"2026-09-30T15:23:44.570Z","level":"info","event":"request_completed","route":"/kitchen","requestId":"3daf127f-cb92-4025-ac72-f1a932e853df","status":200,"totalMs":73.8,"dbQueryCount":9,"dbMs":73.5,"authMs":26.7}
{"timestamp":"2026-09-30T15:23:44.828Z","level":"info","event":"request_completed","route":"/api/stalls/:stallSlug/kitchen/board","requestId":"c3b83f70-b97d-482b-8e87-5b973a4e2fe3","status":200,"totalMs":75.1,"dbQueryCount":9,"dbMs":74.1,"authMs":26.5}
{"timestamp":"2026-09-30T15:23:46.117Z","level":"info","event":"request_completed","route":"/kitchen","requestId":"659b2972-8180-47e2-901c-e09ae18b6a36","status":200,"totalMs":208.9,"dbQueryCount":9,"dbMs":208.6,"authMs":63.4}
{"timestamp":"2026-09-30T15:23:46.689Z","level":"info","event":"request_completed","route":"/api/stalls/:stallSlug/kitchen/board","requestId":"e4e3ad9d-cce6-4c6c-8f92-f084d5090777","status":200,"totalMs":146.2,"dbQueryCount":9,"dbMs":144.8,"authMs":63.8}
{"timestamp":"2026-09-30T15:23:47.886Z","level":"info","event":"request_completed","route":"/kitchen","requestId":"68a01640-dc29-49b4-a248-717d57622101","status":200,"totalMs":96.4,"dbQueryCount":9,"dbMs":96.2,"authMs":34.8}
{"timestamp":"2026-09-30T15:23:48.176Z","level":"info","event":"request_completed","route":"/api/stalls/:stallSlug/kitchen/board","requestId":"ad96b641-9c68-47ed-b76b-169a268df2e5","status":200,"totalMs":84.9,"dbQueryCount":9,"dbMs":83.9,"authMs":35.5}
{"timestamp":"2026-09-30T15:23:49.318Z","level":"info","event":"request_completed","route":"/kitchen","requestId":"28802077-f344-422a-a9cc-d3d9d9d1303a","status":200,"totalMs":78.6,"dbQueryCount":9,"dbMs":78.3,"authMs":28.9}
{"timestamp":"2026-09-30T15:23:49.591Z","level":"info","event":"request_completed","route":"/api/stalls/:stallSlug/kitchen/board","requestId":"0d808273-e09e-430d-a942-4e222da04ebd","status":200,"totalMs":84.6,"dbQueryCount":9,"dbMs":83.7,"authMs":32.9}
{"timestamp":"2026-09-30T15:23:50.743Z","level":"info","event":"request_completed","route":"/kitchen","requestId":"28cfe5ed-eb13-412f-a481-be8a90299e74","status":200,"totalMs":99.3,"dbQueryCount":9,"dbMs":99.1,"authMs":32.1}
{"timestamp":"2026-09-30T15:23:51.033Z","level":"info","event":"request_completed","route":"/api/stalls/:stallSlug/kitchen/board","requestId":"4c3955ee-e5b8-417b-8619-b7c2cf00a5fa","status":200,"totalMs":83.9,"dbQueryCount":9,"dbMs":82.3,"authMs":33.1}
{"timestamp":"2026-09-30T15:23:52.154Z","level":"info","event":"request_completed","route":"/kitchen","requestId":"4880f12f-7471-45fa-830f-e3aa56200cf1","status":200,"totalMs":75,"dbQueryCount":9,"dbMs":74.8,"authMs":29.5}
{"timestamp":"2026-09-30T15:23:52.427Z","level":"info","event":"request_completed","route":"/api/stalls/:stallSlug/kitchen/board","requestId":"da026a1e-a0ef-4853-a0f1-a007795e6cea","status":200,"totalMs":73.7,"dbQueryCount":9,"dbMs":72,"authMs":26.7}
{"timestamp":"2026-09-30T15:23:53.562Z","level":"info","event":"request_completed","route":"/kitchen","requestId":"6d756687-624b-46c4-a66f-a48995f669ab","status":200,"totalMs":75,"dbQueryCount":9,"dbMs":74.8,"authMs":30.6}
{"timestamp":"2026-09-30T15:23:53.879Z","level":"info","event":"request_completed","route":"/api/stalls/:stallSlug/kitchen/board","requestId":"a261aa87-c835-4cdf-8d46-19cf9b6036bf","status":200,"totalMs":94.2,"dbQueryCount":9,"dbMs":92.7,"authMs":31.2}
{"timestamp":"2026-09-30T15:23:55.006Z","level":"info","event":"request_completed","route":"/kitchen","requestId":"5da3d8ad-f2b5-4a9f-8e52-0a82bf5d4207","status":200,"totalMs":82.4,"dbQueryCount":9,"dbMs":82.1,"authMs":30}
{"timestamp":"2026-09-30T15:23:55.294Z","level":"info","event":"request_completed","route":"/api/stalls/:stallSlug/kitchen/board","requestId":"b66df795-01c8-4ae5-8438-e1c39283052f","status":200,"totalMs":75.1,"dbQueryCount":9,"dbMs":73.9,"authMs":29.5}
{"timestamp":"2026-09-30T15:23:56.524Z","level":"info","event":"request_completed","route":"/kitchen","requestId":"cceae2ad-3870-4d94-b280-074f55be34ed","status":200,"totalMs":138.4,"dbQueryCount":9,"dbMs":138.2,"authMs":48}
{"timestamp":"2026-09-30T15:23:56.821Z","level":"info","event":"request_completed","route":"/api/stalls/:stallSlug/kitchen/board","requestId":"0a4f81f5-774c-40c4-94ac-356756d3d0bd","status":200,"totalMs":79.6,"dbQueryCount":9,"dbMs":78.5,"authMs":30.3}
{"timestamp":"2026-09-30T15:23:57.970Z","level":"info","event":"request_completed","route":"/kitchen","requestId":"f843b9d1-8020-4248-8e41-fed0eff4265b","status":200,"totalMs":73.6,"dbQueryCount":9,"dbMs":73.4,"authMs":22.7}
{"timestamp":"2026-09-30T15:23:58.270Z","level":"info","event":"request_completed","route":"/api/stalls/:stallSlug/kitchen/board","requestId":"427af24b-2df6-4232-b0ce-c7d6ccb66e56","status":200,"totalMs":97.8,"dbQueryCount":9,"dbMs":96.5,"authMs":30.1}
{"timestamp":"2026-09-30T15:23:59.378Z","level":"info","event":"request_completed","route":"/kitchen","requestId":"351fc7d9-b5ae-4b9e-a5b4-d9af5dd5d868","status":200,"totalMs":79.1,"dbQueryCount":9,"dbMs":78.9,"authMs":28.1}
{"timestamp":"2026-09-30T15:23:59.662Z","level":"info","event":"request_completed","route":"/api/stalls/:stallSlug/kitchen/board","requestId":"9850e929-f16f-4407-a064-2cee8122473f","status":200,"totalMs":90.3,"dbQueryCount":9,"dbMs":88.7,"authMs":28.9}
{"timestamp":"2026-09-30T15:24:00.779Z","level":"info","event":"request_completed","route":"/kitchen","requestId":"cab143d3-78c3-410f-8666-874a42ac4087","status":200,"totalMs":72.5,"dbQueryCount":9,"dbMs":72.3,"authMs":22.8}
{"timestamp":"2026-09-30T15:24:01.043Z","level":"info","event":"request_completed","route":"/api/stalls/:stallSlug/kitchen/board","requestId":"8bbc4480-67e6-4ee6-90b9-f5ad42eb6c03","status":200,"totalMs":73.2,"dbQueryCount":9,"dbMs":72.2,"authMs":25.8}
{"timestamp":"2026-09-30T15:24:02.185Z","level":"info","event":"request_completed","route":"/kitchen","requestId":"10439ca9-af82-45b8-964b-380ddee0de5d","status":200,"totalMs":71,"dbQueryCount":9,"dbMs":70.8,"authMs":21.8}
{"timestamp":"2026-09-30T15:24:02.471Z","level":"info","event":"request_completed","route":"/api/stalls/:stallSlug/kitchen/board","requestId":"031b7ab1-da10-494b-9318-977e137840f8","status":200,"totalMs":87.5,"dbQueryCount":9,"dbMs":85.9,"authMs":39.4}
{"timestamp":"2026-09-30T15:24:03.568Z","level":"info","event":"request_completed","route":"/kitchen","requestId":"c29179f4-2459-4b32-a42a-9e860acefcc8","status":200,"totalMs":61.8,"dbQueryCount":9,"dbMs":61.7,"authMs":25.2}
{"timestamp":"2026-09-30T15:24:03.837Z","level":"info","event":"request_completed","route":"/api/stalls/:stallSlug/kitchen/board","requestId":"39e625ae-db8e-4c8f-8caa-acea51e8ac08","status":200,"totalMs":81.3,"dbQueryCount":9,"dbMs":80.1,"authMs":31.3}
{"timestamp":"2026-09-30T15:24:04.979Z","level":"info","event":"request_completed","route":"/kitchen","requestId":"5f9a4803-afdc-402a-b496-53f6114c23fb","status":200,"totalMs":58.6,"dbQueryCount":9,"dbMs":58.4,"authMs":23}
{"timestamp":"2026-09-30T15:24:05.269Z","level":"info","event":"request_completed","route":"/api/stalls/:stallSlug/kitchen/board","requestId":"7cd3035f-5734-4403-9226-97a19fb4cb1a","status":200,"totalMs":97.3,"dbQueryCount":9,"dbMs":96.2,"authMs":36.4}
{"timestamp":"2026-09-30T15:24:06.481Z","level":"info","event":"request_completed","route":"/kitchen","requestId":"3c6b1f27-2f95-4a41-9e40-7a4216ab207b","status":200,"totalMs":134.5,"dbQueryCount":9,"dbMs":134.2,"authMs":31.4}
{"timestamp":"2026-09-30T15:24:06.792Z","level":"info","event":"request_completed","route":"/api/stalls/:stallSlug/kitchen/board","requestId":"6bd83bec-c6ae-4a3c-b766-3f890a6e883a","status":200,"totalMs":88.7,"dbQueryCount":9,"dbMs":86.9,"authMs":32.4}
{"timestamp":"2026-09-30T15:24:07.925Z","level":"info","event":"request_completed","route":"/kitchen","requestId":"d0b40ec1-049e-43a6-acf2-6d18715a5552","status":200,"totalMs":70.7,"dbQueryCount":9,"dbMs":70.4,"authMs":26.1}
{"timestamp":"2026-09-30T15:24:08.211Z","level":"info","event":"request_completed","route":"/api/stalls/:stallSlug/kitchen/board","requestId":"be1b50d0-5a66-4e21-a76f-db134722d42c","status":200,"totalMs":75.3,"dbQueryCount":9,"dbMs":74.4,"authMs":27.8}
{"timestamp":"2026-09-30T15:24:09.361Z","level":"info","event":"request_completed","route":"/kitchen","requestId":"99a37e64-696a-47ad-9c9e-e354d800e629","status":200,"totalMs":63.5,"dbQueryCount":9,"dbMs":63.3,"authMs":21.3}
{"timestamp":"2026-09-30T15:24:09.651Z","level":"info","event":"request_completed","route":"/api/stalls/:stallSlug/kitchen/board","requestId":"e798e8c6-caee-456d-a223-dd6728aabf61","status":200,"totalMs":82.9,"dbQueryCount":9,"dbMs":82,"authMs":33.6}
{"timestamp":"2026-09-30T15:24:10.769Z","level":"info","event":"request_completed","route":"/kitchen","requestId":"c333d2ba-cc98-474e-87ae-a349eff2b0a5","status":200,"totalMs":72.8,"dbQueryCount":9,"dbMs":72.7,"authMs":26.1}
{"timestamp":"2026-09-30T15:24:11.058Z","level":"info","event":"request_completed","route":"/api/stalls/:stallSlug/kitchen/board","requestId":"11ccfa42-c928-450c-8de8-d43ffd37abe3","status":200,"totalMs":90.8,"dbQueryCount":9,"dbMs":89.2,"authMs":28.4}
{"timestamp":"2026-09-30T15:24:12.111Z","level":"info","event":"request_completed","route":"/kitchen","requestId":"4274043d-c64a-4024-85cb-c3f6a5269424","status":200,"totalMs":70.6,"dbQueryCount":9,"dbMs":70.4,"authMs":24.6}
{"timestamp":"2026-09-30T15:24:12.349Z","level":"info","event":"request_completed","route":"/api/stalls/:stallSlug/kitchen/board","requestId":"8dbed162-e6a1-499a-ba7a-99b8dfefcad8","status":200,"totalMs":79.5,"dbQueryCount":9,"dbMs":78.5,"authMs":27.8}
{"timestamp":"2026-09-30T15:24:13.406Z","level":"info","event":"request_completed","route":"/kitchen","requestId":"a1d99066-2dbb-4111-aa37-baeea38ab664","status":200,"totalMs":67.2,"dbQueryCount":9,"dbMs":67,"authMs":26.1}
{"timestamp":"2026-09-30T15:24:13.656Z","level":"info","event":"request_completed","route":"/api/stalls/:stallSlug/kitchen/board","requestId":"f27345fc-32a4-4a63-afd3-0cd2625a4f8f","status":200,"totalMs":83.4,"dbQueryCount":9,"dbMs":82.1,"authMs":31}
{"timestamp":"2026-09-30T15:24:14.714Z","level":"info","event":"request_completed","route":"/kitchen","requestId":"24c72974-a6c6-4c35-81fa-b9e6a21b3c4e","status":200,"totalMs":71.6,"dbQueryCount":9,"dbMs":71.4,"authMs":24.1}
{"timestamp":"2026-09-30T15:24:14.988Z","level":"info","event":"request_completed","route":"/api/stalls/:stallSlug/kitchen/board","requestId":"12f20d8b-3a44-4f47-b830-3b98630bd8a0","status":200,"totalMs":81.1,"dbQueryCount":9,"dbMs":80.1,"authMs":27.7}
{"timestamp":"2026-09-30T15:24:16.121Z","level":"info","event":"request_completed","route":"/kitchen","requestId":"f4b88c25-5175-42f9-a9cf-99caad8dd85a","status":200,"totalMs":153.8,"dbQueryCount":9,"dbMs":153.6,"authMs":44.1}
{"timestamp":"2026-09-30T15:24:16.556Z","level":"info","event":"request_completed","route":"/api/stalls/:stallSlug/kitchen/board","requestId":"64402c34-95c6-4e71-84e6-08b66299267f","status":200,"totalMs":166.6,"dbQueryCount":9,"dbMs":164.8,"authMs":60.5}
{"timestamp":"2026-09-30T15:24:17.539Z","level":"info","event":"request_completed","route":"/kitchen","requestId":"7c0234ec-a865-4de5-b675-5115175f283e","status":200,"totalMs":62,"dbQueryCount":9,"dbMs":61.8,"authMs":22.2}
{"timestamp":"2026-09-30T15:24:17.780Z","level":"info","event":"request_completed","route":"/api/stalls/:stallSlug/kitchen/board","requestId":"ff7aa79b-014d-428e-9077-f7fc0bc529d9","status":200,"totalMs":74,"dbQueryCount":9,"dbMs":73.1,"authMs":27.4}
{"timestamp":"2026-09-30T15:24:18.841Z","level":"info","event":"request_completed","route":"/kitchen","requestId":"30942c4a-9eaa-4511-a33d-bdf23f167e19","status":200,"totalMs":68.4,"dbQueryCount":9,"dbMs":67.7,"authMs":31.4}
{"timestamp":"2026-09-30T15:24:19.121Z","level":"info","event":"request_completed","route":"/api/stalls/:stallSlug/kitchen/board","requestId":"e82cca16-45f0-468f-9307-29b9002c6423","status":200,"totalMs":83.4,"dbQueryCount":9,"dbMs":81.9,"authMs":25.3}
{"timestamp":"2026-09-30T15:24:20.188Z","level":"info","event":"request_completed","route":"/kitchen","requestId":"03d5d131-ccbc-44ed-ba37-40a56a9da4e9","status":200,"totalMs":80.8,"dbQueryCount":9,"dbMs":80.5,"authMs":25.2}
{"timestamp":"2026-09-30T15:24:20.459Z","level":"info","event":"request_completed","route":"/api/stalls/:stallSlug/kitchen/board","requestId":"da1b3531-7e8f-4fee-8303-52845619fa6e","status":200,"totalMs":81.8,"dbQueryCount":9,"dbMs":80.7,"authMs":27.6}
{"timestamp":"2026-09-30T15:24:21.530Z","level":"info","event":"request_completed","route":"/kitchen","requestId":"5849abac-052b-4234-83a9-cb9a860df826","status":200,"totalMs":70.8,"dbQueryCount":9,"dbMs":70.5,"authMs":30.8}
{"timestamp":"2026-09-30T15:24:21.757Z","level":"info","event":"request_completed","route":"/api/stalls/:stallSlug/kitchen/board","requestId":"dadc3851-71a7-4091-81e0-e5cc37c9c0a5","status":200,"totalMs":65.7,"dbQueryCount":9,"dbMs":64.7,"authMs":25.3}
{"timestamp":"2026-09-30T15:24:22.830Z","level":"info","event":"request_completed","route":"/kitchen","requestId":"893467a8-1a0a-42f7-9dd2-54ed940a591c","status":200,"totalMs":71.2,"dbQueryCount":9,"dbMs":70.8,"authMs":28.8}
{"timestamp":"2026-09-30T15:24:23.045Z","level":"info","event":"request_completed","route":"/api/stalls/:stallSlug/kitchen/board","requestId":"6e896213-afe5-4619-a26e-ee45dfd91aea","status":200,"totalMs":59.9,"dbQueryCount":9,"dbMs":58.9,"authMs":24.7}
{"timestamp":"2026-09-30T15:24:24.118Z","level":"info","event":"request_completed","route":"/kitchen","requestId":"26408109-67a8-4a2f-b89f-ea76046789e6","status":200,"totalMs":80.2,"dbQueryCount":9,"dbMs":80.1,"authMs":40.4}
{"timestamp":"2026-09-30T15:24:24.390Z","level":"info","event":"request_completed","route":"/api/stalls/:stallSlug/kitchen/board","requestId":"fbce4853-91a5-41f8-83cd-96de5f8e3a8e","status":200,"totalMs":81.2,"dbQueryCount":9,"dbMs":79.8,"authMs":26.4}
{"timestamp":"2026-09-30T15:24:25.468Z","level":"info","event":"request_completed","route":"/kitchen","requestId":"d0ea0840-0a5f-4d8c-94ed-cbf1af8b6a65","status":200,"totalMs":76.6,"dbQueryCount":9,"dbMs":76.4,"authMs":40.9}
{"timestamp":"2026-09-30T15:24:25.692Z","level":"info","event":"request_completed","route":"/api/stalls/:stallSlug/kitchen/board","requestId":"0fdcbd47-d0fc-4db4-861b-73101ecd50cc","status":200,"totalMs":71,"dbQueryCount":9,"dbMs":70.1,"authMs":28.6}
{"timestamp":"2026-09-30T15:24:26.736Z","level":"info","event":"request_completed","route":"/kitchen","requestId":"ec632c6b-37df-4e73-b256-d5ed672bb023","status":200,"totalMs":62.3,"dbQueryCount":9,"dbMs":62.1,"authMs":21.8}
{"timestamp":"2026-09-30T15:24:27.024Z","level":"info","event":"request_completed","route":"/api/stalls/:stallSlug/kitchen/board","requestId":"f6e5509f-5c33-4c99-a98b-2c256064a3cb","status":200,"totalMs":88,"dbQueryCount":9,"dbMs":86.9,"authMs":29.3}
{"timestamp":"2026-09-30T15:24:28.108Z","level":"info","event":"request_completed","route":"/kitchen","requestId":"04cae841-e6f3-4abc-abde-1c57589c507e","status":200,"totalMs":94,"dbQueryCount":9,"dbMs":93.6,"authMs":50.1}
{"timestamp":"2026-09-30T15:24:28.345Z","level":"info","event":"request_completed","route":"/api/stalls/:stallSlug/kitchen/board","requestId":"58a4d8e0-1426-4331-a49b-87df68c57c06","status":200,"totalMs":70.7,"dbQueryCount":9,"dbMs":69.8,"authMs":27.3}
{"timestamp":"2026-09-30T15:24:29.393Z","level":"info","event":"request_completed","route":"/kitchen","requestId":"8016ec52-a504-4ed9-965c-634be65c7dd2","status":200,"totalMs":65.9,"dbQueryCount":9,"dbMs":65.8,"authMs":26}
{"timestamp":"2026-09-30T15:24:29.642Z","level":"info","event":"request_completed","route":"/api/stalls/:stallSlug/kitchen/board","requestId":"04d8a6ae-cfeb-4e3f-aae1-cf25b598c57f","status":200,"totalMs":76.8,"dbQueryCount":9,"dbMs":75.8,"authMs":31.9}
{"timestamp":"2026-09-30T15:24:30.710Z","level":"info","event":"request_completed","route":"/kitchen","requestId":"2823e879-c064-4338-8431-d7ff0b1b5e46","status":200,"totalMs":74.6,"dbQueryCount":9,"dbMs":74.2,"authMs":29.3}
{"timestamp":"2026-09-30T15:24:30.957Z","level":"info","event":"request_completed","route":"/api/stalls/:stallSlug/kitchen/board","requestId":"40dbc086-1530-4c88-9dda-94da8dc9c69e","status":200,"totalMs":74.3,"dbQueryCount":9,"dbMs":73.3,"authMs":24.1}
{"timestamp":"2026-09-30T15:24:32.022Z","level":"info","event":"request_completed","route":"/kitchen","requestId":"a3d610c2-e3af-404f-923c-bb1b8ba04c1f","status":200,"totalMs":80.8,"dbQueryCount":9,"dbMs":80.6,"authMs":31.5}
{"timestamp":"2026-09-30T15:24:32.224Z","level":"info","event":"request_completed","route":"/api/stalls/:stallSlug/kitchen/board","requestId":"25454320-ac41-4903-9f32-5f8832eed6aa","status":200,"totalMs":57.8,"dbQueryCount":9,"dbMs":56.9,"authMs":22.4}
{"timestamp":"2026-09-30T15:24:33.394Z","level":"info","event":"request_completed","route":"/kitchen","requestId":"a3eef13e-8dda-4ff8-ad6f-ff1c345b97a8","status":200,"totalMs":172.4,"dbQueryCount":9,"dbMs":172.1,"authMs":26}
{"timestamp":"2026-09-30T15:24:33.744Z","level":"info","event":"request_completed","route":"/api/stalls/:stallSlug/kitchen/board","requestId":"712e7e84-d81f-4c5b-b398-40eb443a1062","status":200,"totalMs":64.7,"dbQueryCount":9,"dbMs":63.8,"authMs":29.3}
{"timestamp":"2026-09-30T15:24:33.847Z","level":"info","event":"request_completed","route":"/api/stalls/:stallSlug/kitchen/board","requestId":"81e99a7f-8471-41af-b884-49be47610864","status":200,"totalMs":57.7,"dbQueryCount":9,"dbMs":56.8,"authMs":23.1}
{"timestamp":"2026-09-30T15:24:34.904Z","level":"info","event":"request_completed","route":"/kitchen","requestId":"5513131d-846f-4df2-997e-bd30c2da4eb3","status":200,"totalMs":80.2,"dbQueryCount":9,"dbMs":80.1,"authMs":29.8}
{"timestamp":"2026-09-30T15:24:35.179Z","level":"info","event":"request_completed","route":"/api/stalls/:stallSlug/kitchen/board","requestId":"e6d2f7aa-d066-447d-86f9-6c95091b8c9d","status":200,"totalMs":71.1,"dbQueryCount":9,"dbMs":70.1,"authMs":25.7}
{"timestamp":"2026-09-30T15:24:36.302Z","level":"info","event":"request_completed","route":"/kitchen","requestId":"40f9d183-ecde-49e5-bd03-69ff30f8bf1d","status":200,"totalMs":124.2,"dbQueryCount":9,"dbMs":123.8,"authMs":32.9}
{"timestamp":"2026-09-30T15:24:36.592Z","level":"info","event":"request_completed","route":"/api/stalls/:stallSlug/kitchen/board","requestId":"ad5211aa-e070-4116-a076-05a1bfdfe126","status":200,"totalMs":85,"dbQueryCount":9,"dbMs":84,"authMs":25.4}
{"timestamp":"2026-09-30T15:24:37.660Z","level":"info","event":"request_completed","route":"/kitchen","requestId":"18d13f78-1b3d-4e41-b502-20da7fb5dd35","status":200,"totalMs":66.7,"dbQueryCount":9,"dbMs":66.4,"authMs":22.7}
{"timestamp":"2026-09-30T15:24:37.956Z","level":"info","event":"request_completed","route":"/api/stalls/:stallSlug/kitchen/board","requestId":"fc8c97b7-166f-46f6-b185-21cbbc7a9ee0","status":200,"totalMs":87.5,"dbQueryCount":9,"dbMs":86.2,"authMs":33.5}
{"timestamp":"2026-09-30T15:24:39.028Z","level":"info","event":"request_completed","route":"/kitchen","requestId":"c9c5dc43-8660-45c2-b99d-924a319b0a7d","status":200,"totalMs":76.1,"dbQueryCount":9,"dbMs":75.9,"authMs":27.3}
{"timestamp":"2026-09-30T15:24:39.335Z","level":"info","event":"request_completed","route":"/api/stalls/:stallSlug/kitchen/board","requestId":"b5b6fef0-1be3-4b79-ae05-26b3d3728e0d","status":200,"totalMs":93.5,"dbQueryCount":9,"dbMs":91.8,"authMs":28}
{"timestamp":"2026-09-30T15:24:40.424Z","level":"info","event":"request_completed","route":"/kitchen","requestId":"28bc6165-3f0e-4312-a044-b5a5e82611a5","status":200,"totalMs":98,"dbQueryCount":9,"dbMs":97.7,"authMs":35.3}
{"timestamp":"2026-09-30T15:24:40.732Z","level":"info","event":"request_completed","route":"/api/stalls/:stallSlug/kitchen/board","requestId":"f11fccbb-0935-40e8-9c63-43e74c0d3638","status":200,"totalMs":88.4,"dbQueryCount":9,"dbMs":87,"authMs":26.7}
{"timestamp":"2026-09-30T15:24:41.811Z","level":"info","event":"request_completed","route":"/kitchen","requestId":"c1a4a293-3f34-4499-b029-e6ac0690417d","status":200,"totalMs":94.1,"dbQueryCount":9,"dbMs":93.8,"authMs":33.1}
{"timestamp":"2026-09-30T15:24:42.105Z","level":"info","event":"request_completed","route":"/api/stalls/:stallSlug/kitchen/board","requestId":"f818b8a2-3ee3-4be8-995b-ee87ebccfc19","status":200,"totalMs":89.9,"dbQueryCount":9,"dbMs":88.3,"authMs":26.3}
{"timestamp":"2026-09-30T15:24:43.185Z","level":"info","event":"request_completed","route":"/kitchen","requestId":"07ee5c8e-9dc5-4e40-8628-2e47702bfb81","status":200,"totalMs":93.2,"dbQueryCount":9,"dbMs":92.9,"authMs":29.2}
{"timestamp":"2026-09-30T15:24:43.467Z","level":"info","event":"request_completed","route":"/api/stalls/:stallSlug/kitchen/board","requestId":"9b89f5c9-5642-4aff-bee0-43ed2cff9127","status":200,"totalMs":92.5,"dbQueryCount":9,"dbMs":91.3,"authMs":33}
{"timestamp":"2026-09-30T15:24:44.536Z","level":"info","event":"request_completed","route":"/kitchen","requestId":"f72ff344-0cee-4ee1-9b27-41c6e1e4e7e1","status":200,"totalMs":86.4,"dbQueryCount":9,"dbMs":86.2,"authMs":33.1}
{"timestamp":"2026-09-30T15:24:44.821Z","level":"info","event":"request_completed","route":"/api/stalls/:stallSlug/kitchen/board","requestId":"6b9820ee-631d-4f22-9f30-5d59f1f65cfe","status":200,"totalMs":93.1,"dbQueryCount":9,"dbMs":91.8,"authMs":28.7}
{"timestamp":"2026-09-30T15:24:45.943Z","level":"info","event":"request_completed","route":"/kitchen","requestId":"4afe3e15-81cc-4952-9295-ede0ee15b110","status":200,"totalMs":137.9,"dbQueryCount":9,"dbMs":137.7,"authMs":32}
{"timestamp":"2026-09-30T15:24:46.371Z","level":"info","event":"request_completed","route":"/api/stalls/:stallSlug/kitchen/board","requestId":"8272a90b-ee68-4b9d-bd6d-47beb3ec5d63","status":200,"totalMs":153,"dbQueryCount":9,"dbMs":151.5,"authMs":54.8}
{"timestamp":"2026-09-30T15:24:47.374Z","level":"info","event":"request_completed","route":"/kitchen","requestId":"11d3b10c-ea3e-46ab-9b66-4c0c66249cff","status":200,"totalMs":77.1,"dbQueryCount":9,"dbMs":76.9,"authMs":34.6}
{"timestamp":"2026-09-30T15:24:47.607Z","level":"info","event":"request_completed","route":"/api/stalls/:stallSlug/kitchen/board","requestId":"743e9985-0f08-4b7c-a62d-40a83faa5f38","status":200,"totalMs":71.4,"dbQueryCount":9,"dbMs":70,"authMs":26.8}
{"timestamp":"2026-09-30T15:24:48.675Z","level":"info","event":"request_completed","route":"/kitchen","requestId":"7debc5ba-b748-4dc9-b83d-94e0d2bc8596","status":200,"totalMs":73.1,"dbQueryCount":9,"dbMs":73,"authMs":30.5}
{"timestamp":"2026-09-30T15:24:48.915Z","level":"info","event":"request_completed","route":"/api/stalls/:stallSlug/kitchen/board","requestId":"fbf8250f-2d8c-498c-9305-92e614590758","status":200,"totalMs":71.7,"dbQueryCount":9,"dbMs":70.2,"authMs":31.6}
{"timestamp":"2026-09-30T15:24:49.985Z","level":"info","event":"request_completed","route":"/kitchen","requestId":"457d1997-5261-4176-a760-6a8ad1b25d09","status":200,"totalMs":75.8,"dbQueryCount":9,"dbMs":75.7,"authMs":36.3}
{"timestamp":"2026-09-30T15:24:50.226Z","level":"info","event":"request_completed","route":"/api/stalls/:stallSlug/kitchen/board","requestId":"53fd4b69-26d7-4348-a8f3-e88f6c723b94","status":200,"totalMs":67.4,"dbQueryCount":9,"dbMs":66.5,"authMs":26.9}
{"timestamp":"2026-09-30T15:24:51.299Z","level":"info","event":"request_completed","route":"/kitchen","requestId":"fd24401b-e035-4a20-ae62-fd4121504cf9","status":200,"totalMs":77,"dbQueryCount":9,"dbMs":76.9,"authMs":35.2}
{"timestamp":"2026-09-30T15:24:51.529Z","level":"info","event":"request_completed","route":"/api/stalls/:stallSlug/kitchen/board","requestId":"9c26bf07-296b-4c88-985b-899c6da17c36","status":200,"totalMs":68.3,"dbQueryCount":9,"dbMs":67.4,"authMs":31}
{"timestamp":"2026-09-30T15:24:52.778Z","level":"info","event":"DATABASE_READ_ROUTED","operation":"cancellation_reason_report","policy":"DR_PREFERRED_EVENTUAL","target":"PRIMARY","reason":"FEATURE_DISABLED"}
{"timestamp":"2026-09-30T15:24:52.778Z","level":"info","event":"DATABASE_READ_ROUTED","operation":"hourly_sales_report","policy":"DR_PREFERRED_EVENTUAL","target":"PRIMARY","reason":"FEATURE_DISABLED"}
{"timestamp":"2026-09-30T15:24:52.785Z","level":"info","event":"request_completed","route":"/merchant/reports/overview","requestId":"2a94ecc9-2f0a-42a2-8e0c-91e8bc9154e1","status":200,"totalMs":55.1,"dbQueryCount":9,"dbMs":52.4,"authMs":28.4}
{"timestamp":"2026-09-30T15:24:53.264Z","level":"info","event":"DATABASE_READ_ROUTED","operation":"cancellation_reason_report","policy":"DR_PREFERRED_EVENTUAL","target":"PRIMARY","reason":"FEATURE_DISABLED"}
{"timestamp":"2026-09-30T15:24:53.265Z","level":"info","event":"DATABASE_READ_ROUTED","operation":"hourly_sales_report","policy":"DR_PREFERRED_EVENTUAL","target":"PRIMARY","reason":"FEATURE_DISABLED"}
{"timestamp":"2026-09-30T15:24:53.269Z","level":"info","event":"request_completed","route":"/merchant/reports/overview","requestId":"9afb0046-5336-4b2d-b667-d2206b26003b","status":200,"totalMs":36.5,"dbQueryCount":9,"dbMs":36.2,"authMs":21}
{"timestamp":"2026-09-30T15:24:53.666Z","level":"info","event":"DATABASE_READ_ROUTED","operation":"hourly_sales_report","policy":"DR_PREFERRED_EVENTUAL","target":"PRIMARY","reason":"FEATURE_DISABLED"}
{"timestamp":"2026-09-30T15:24:53.666Z","level":"info","event":"DATABASE_READ_ROUTED","operation":"cancellation_reason_report","policy":"DR_PREFERRED_EVENTUAL","target":"PRIMARY","reason":"FEATURE_DISABLED"}
{"timestamp":"2026-09-30T15:24:53.672Z","level":"info","event":"request_completed","route":"/merchant/reports/overview","requestId":"e11c3493-18da-4739-be8e-d57c7cb8458d","status":200,"totalMs":32.9,"dbQueryCount":9,"dbMs":32.7,"authMs":13.8}
{"timestamp":"2026-09-30T15:24:54.093Z","level":"info","event":"DATABASE_READ_ROUTED","operation":"hourly_sales_report","policy":"DR_PREFERRED_EVENTUAL","target":"PRIMARY","reason":"FEATURE_DISABLED"}
{"timestamp":"2026-09-30T15:24:54.094Z","level":"info","event":"DATABASE_READ_ROUTED","operation":"cancellation_reason_report","policy":"DR_PREFERRED_EVENTUAL","target":"PRIMARY","reason":"FEATURE_DISABLED"}
{"timestamp":"2026-09-30T15:24:54.099Z","level":"info","event":"request_completed","route":"/merchant/reports/overview","requestId":"593d37e7-9d9c-49cb-96ce-1e1fcedebb41","status":200,"totalMs":38.2,"dbQueryCount":9,"dbMs":38,"authMs":22.6}
{"timestamp":"2026-09-30T15:24:54.498Z","level":"info","event":"DATABASE_READ_ROUTED","operation":"hourly_sales_report","policy":"DR_PREFERRED_EVENTUAL","target":"PRIMARY","reason":"FEATURE_DISABLED"}
{"timestamp":"2026-09-30T15:24:54.499Z","level":"info","event":"DATABASE_READ_ROUTED","operation":"cancellation_reason_report","policy":"DR_PREFERRED_EVENTUAL","target":"PRIMARY","reason":"FEATURE_DISABLED"}
{"timestamp":"2026-09-30T15:24:54.504Z","level":"info","event":"request_completed","route":"/merchant/reports/overview","requestId":"459c78cd-1941-41fc-a564-0bde007a016d","status":200,"totalMs":29.7,"dbQueryCount":9,"dbMs":29.5,"authMs":16.1}
{"timestamp":"2026-09-30T15:24:54.945Z","level":"info","event":"DATABASE_READ_ROUTED","operation":"cancellation_reason_report","policy":"DR_PREFERRED_EVENTUAL","target":"PRIMARY","reason":"FEATURE_DISABLED"}
{"timestamp":"2026-09-30T15:24:54.945Z","level":"info","event":"DATABASE_READ_ROUTED","operation":"hourly_sales_report","policy":"DR_PREFERRED_EVENTUAL","target":"PRIMARY","reason":"FEATURE_DISABLED"}
{"timestamp":"2026-09-30T15:24:54.951Z","level":"info","event":"request_completed","route":"/merchant/reports/overview","requestId":"8a66dc56-4843-4183-b1f7-135f9fe96831","status":200,"totalMs":36.3,"dbQueryCount":9,"dbMs":35.7,"authMs":17}
{"timestamp":"2026-09-30T15:24:55.345Z","level":"info","event":"DATABASE_READ_ROUTED","operation":"hourly_sales_report","policy":"DR_PREFERRED_EVENTUAL","target":"PRIMARY","reason":"FEATURE_DISABLED"}
{"timestamp":"2026-09-30T15:24:55.346Z","level":"info","event":"DATABASE_READ_ROUTED","operation":"cancellation_reason_report","policy":"DR_PREFERRED_EVENTUAL","target":"PRIMARY","reason":"FEATURE_DISABLED"}
{"timestamp":"2026-09-30T15:24:55.350Z","level":"info","event":"request_completed","route":"/merchant/reports/overview","requestId":"e49bc5e1-82eb-445a-9944-7cad84d4331a","status":200,"totalMs":28.9,"dbQueryCount":9,"dbMs":28.7,"authMs":13.2}
{"timestamp":"2026-09-30T15:24:55.754Z","level":"info","event":"DATABASE_READ_ROUTED","operation":"hourly_sales_report","policy":"DR_PREFERRED_EVENTUAL","target":"PRIMARY","reason":"FEATURE_DISABLED"}
{"timestamp":"2026-09-30T15:24:55.755Z","level":"info","event":"DATABASE_READ_ROUTED","operation":"cancellation_reason_report","policy":"DR_PREFERRED_EVENTUAL","target":"PRIMARY","reason":"FEATURE_DISABLED"}
{"timestamp":"2026-09-30T15:24:55.760Z","level":"info","event":"request_completed","route":"/merchant/reports/overview","requestId":"e49fa132-6007-4b58-9d39-f907c37d41ac","status":200,"totalMs":28.2,"dbQueryCount":9,"dbMs":27.9,"authMs":13.2}
{"timestamp":"2026-09-30T15:24:56.369Z","level":"info","event":"DATABASE_READ_ROUTED","operation":"hourly_sales_report","policy":"DR_PREFERRED_EVENTUAL","target":"PRIMARY","reason":"FEATURE_DISABLED"}
{"timestamp":"2026-09-30T15:24:56.370Z","level":"info","event":"DATABASE_READ_ROUTED","operation":"cancellation_reason_report","policy":"DR_PREFERRED_EVENTUAL","target":"PRIMARY","reason":"FEATURE_DISABLED"}
{"timestamp":"2026-09-30T15:24:56.377Z","level":"info","event":"request_completed","route":"/merchant/reports/overview","requestId":"cee3cf1d-8afe-4ec3-a194-2933333faeb9","status":200,"totalMs":41.4,"dbQueryCount":9,"dbMs":41,"authMs":19.5}
{"timestamp":"2026-09-30T15:24:56.878Z","level":"info","event":"DATABASE_READ_ROUTED","operation":"cancellation_reason_report","policy":"DR_PREFERRED_EVENTUAL","target":"PRIMARY","reason":"FEATURE_DISABLED"}
{"timestamp":"2026-09-30T15:24:56.878Z","level":"info","event":"DATABASE_READ_ROUTED","operation":"hourly_sales_report","policy":"DR_PREFERRED_EVENTUAL","target":"PRIMARY","reason":"FEATURE_DISABLED"}
{"timestamp":"2026-09-30T15:24:56.884Z","level":"info","event":"request_completed","route":"/merchant/reports/overview","requestId":"72869ab8-ac00-44fb-861f-6a7cdfc71644","status":200,"totalMs":32.5,"dbQueryCount":9,"dbMs":32.3,"authMs":17.4}
{"timestamp":"2026-09-30T15:24:57.319Z","level":"info","event":"DATABASE_READ_ROUTED","operation":"cancellation_reason_report","policy":"DR_PREFERRED_EVENTUAL","target":"PRIMARY","reason":"FEATURE_DISABLED"}
{"timestamp":"2026-09-30T15:24:57.319Z","level":"info","event":"DATABASE_READ_ROUTED","operation":"hourly_sales_report","policy":"DR_PREFERRED_EVENTUAL","target":"PRIMARY","reason":"FEATURE_DISABLED"}
{"timestamp":"2026-09-30T15:24:57.324Z","level":"info","event":"request_completed","route":"/merchant/reports/overview","requestId":"902df607-1a8e-41a7-b38e-576ca200cb1f","status":200,"totalMs":32.7,"dbQueryCount":9,"dbMs":32.5,"authMs":14.1}
{"timestamp":"2026-09-30T15:24:57.747Z","level":"info","event":"DATABASE_READ_ROUTED","operation":"hourly_sales_report","policy":"DR_PREFERRED_EVENTUAL","target":"PRIMARY","reason":"FEATURE_DISABLED"}
{"timestamp":"2026-09-30T15:24:57.748Z","level":"info","event":"DATABASE_READ_ROUTED","operation":"cancellation_reason_report","policy":"DR_PREFERRED_EVENTUAL","target":"PRIMARY","reason":"FEATURE_DISABLED"}
{"timestamp":"2026-09-30T15:24:57.753Z","level":"info","event":"request_completed","route":"/merchant/reports/overview","requestId":"be34588b-120d-4138-aad2-23fe40dd9831","status":200,"totalMs":36.8,"dbQueryCount":9,"dbMs":36.6,"authMs":20.3}
{"timestamp":"2026-09-30T15:24:58.204Z","level":"info","event":"DATABASE_READ_ROUTED","operation":"hourly_sales_report","policy":"DR_PREFERRED_EVENTUAL","target":"PRIMARY","reason":"FEATURE_DISABLED"}
{"timestamp":"2026-09-30T15:24:58.204Z","level":"info","event":"DATABASE_READ_ROUTED","operation":"cancellation_reason_report","policy":"DR_PREFERRED_EVENTUAL","target":"PRIMARY","reason":"FEATURE_DISABLED"}
{"timestamp":"2026-09-30T15:24:58.208Z","level":"info","event":"request_completed","route":"/merchant/reports/overview","requestId":"4616d818-96da-40af-8e2b-0ac1f228ba14","status":200,"totalMs":30,"dbQueryCount":9,"dbMs":29.8,"authMs":15.7}
{"timestamp":"2026-09-30T15:24:58.646Z","level":"info","event":"DATABASE_READ_ROUTED","operation":"hourly_sales_report","policy":"DR_PREFERRED_EVENTUAL","target":"PRIMARY","reason":"FEATURE_DISABLED"}
{"timestamp":"2026-09-30T15:24:58.647Z","level":"info","event":"DATABASE_READ_ROUTED","operation":"cancellation_reason_report","policy":"DR_PREFERRED_EVENTUAL","target":"PRIMARY","reason":"FEATURE_DISABLED"}
{"timestamp":"2026-09-30T15:24:58.652Z","level":"info","event":"request_completed","route":"/merchant/reports/overview","requestId":"2f0791ba-3644-412f-9f3f-8a2c78d91b47","status":200,"totalMs":34.7,"dbQueryCount":9,"dbMs":34.5,"authMs":17.4}
{"timestamp":"2026-09-30T15:24:59.062Z","level":"info","event":"DATABASE_READ_ROUTED","operation":"cancellation_reason_report","policy":"DR_PREFERRED_EVENTUAL","target":"PRIMARY","reason":"FEATURE_DISABLED"}
{"timestamp":"2026-09-30T15:24:59.062Z","level":"info","event":"DATABASE_READ_ROUTED","operation":"hourly_sales_report","policy":"DR_PREFERRED_EVENTUAL","target":"PRIMARY","reason":"FEATURE_DISABLED"}
{"timestamp":"2026-09-30T15:24:59.066Z","level":"info","event":"request_completed","route":"/merchant/reports/overview","requestId":"89e2d44e-e7b2-41cb-a0a7-21206fb7557e","status":200,"totalMs":28.7,"dbQueryCount":9,"dbMs":28.5,"authMs":14.3}
{"timestamp":"2026-09-30T15:24:59.486Z","level":"info","event":"DATABASE_READ_ROUTED","operation":"cancellation_reason_report","policy":"DR_PREFERRED_EVENTUAL","target":"PRIMARY","reason":"FEATURE_DISABLED"}
{"timestamp":"2026-09-30T15:24:59.486Z","level":"info","event":"DATABASE_READ_ROUTED","operation":"hourly_sales_report","policy":"DR_PREFERRED_EVENTUAL","target":"PRIMARY","reason":"FEATURE_DISABLED"}
{"timestamp":"2026-09-30T15:24:59.491Z","level":"info","event":"request_completed","route":"/merchant/reports/overview","requestId":"eda3d934-4c0d-4fdc-b707-9f91994c4324","status":200,"totalMs":36.9,"dbQueryCount":9,"dbMs":36.7,"authMs":18.8}
{"timestamp":"2026-09-30T15:24:59.915Z","level":"info","event":"DATABASE_READ_ROUTED","operation":"hourly_sales_report","policy":"DR_PREFERRED_EVENTUAL","target":"PRIMARY","reason":"FEATURE_DISABLED"}
{"timestamp":"2026-09-30T15:24:59.916Z","level":"info","event":"DATABASE_READ_ROUTED","operation":"cancellation_reason_report","policy":"DR_PREFERRED_EVENTUAL","target":"PRIMARY","reason":"FEATURE_DISABLED"}
{"timestamp":"2026-09-30T15:24:59.921Z","level":"info","event":"request_completed","route":"/merchant/reports/overview","requestId":"71610433-0897-450d-b6af-18c3c6afc0a9","status":200,"totalMs":34.5,"dbQueryCount":9,"dbMs":34.3,"authMs":18.3}
{"timestamp":"2026-09-30T15:25:00.361Z","level":"info","event":"DATABASE_READ_ROUTED","operation":"cancellation_reason_report","policy":"DR_PREFERRED_EVENTUAL","target":"PRIMARY","reason":"FEATURE_DISABLED"}
{"timestamp":"2026-09-30T15:25:00.361Z","level":"info","event":"DATABASE_READ_ROUTED","operation":"hourly_sales_report","policy":"DR_PREFERRED_EVENTUAL","target":"PRIMARY","reason":"FEATURE_DISABLED"}
{"timestamp":"2026-09-30T15:25:00.365Z","level":"info","event":"request_completed","route":"/merchant/reports/overview","requestId":"879979b1-7f5b-4388-8baa-2828887d76e4","status":200,"totalMs":35.8,"dbQueryCount":9,"dbMs":35.6,"authMs":21.9}
{"timestamp":"2026-09-30T15:25:00.788Z","level":"info","event":"DATABASE_READ_ROUTED","operation":"cancellation_reason_report","policy":"DR_PREFERRED_EVENTUAL","target":"PRIMARY","reason":"FEATURE_DISABLED"}
{"timestamp":"2026-09-30T15:25:00.788Z","level":"info","event":"DATABASE_READ_ROUTED","operation":"hourly_sales_report","policy":"DR_PREFERRED_EVENTUAL","target":"PRIMARY","reason":"FEATURE_DISABLED"}
{"timestamp":"2026-09-30T15:25:00.796Z","level":"info","event":"request_completed","route":"/merchant/reports/overview","requestId":"4535efdb-0f33-4648-aff3-7f9017562335","status":200,"totalMs":49.2,"dbQueryCount":9,"dbMs":49.1,"authMs":22.7}
{"timestamp":"2026-09-30T15:25:01.223Z","level":"info","event":"DATABASE_READ_ROUTED","operation":"cancellation_reason_report","policy":"DR_PREFERRED_EVENTUAL","target":"PRIMARY","reason":"FEATURE_DISABLED"}
{"timestamp":"2026-09-30T15:25:01.223Z","level":"info","event":"DATABASE_READ_ROUTED","operation":"hourly_sales_report","policy":"DR_PREFERRED_EVENTUAL","target":"PRIMARY","reason":"FEATURE_DISABLED"}
{"timestamp":"2026-09-30T15:25:01.228Z","level":"info","event":"request_completed","route":"/merchant/reports/overview","requestId":"bba208cc-40ac-4281-ae1a-b5db8337a119","status":200,"totalMs":62.6,"dbQueryCount":9,"dbMs":62.1,"authMs":27.1}
{"timestamp":"2026-09-30T15:25:01.622Z","level":"info","event":"DATABASE_READ_ROUTED","operation":"cancellation_reason_report","policy":"DR_PREFERRED_EVENTUAL","target":"PRIMARY","reason":"FEATURE_DISABLED"}
{"timestamp":"2026-09-30T15:25:01.622Z","level":"info","event":"DATABASE_READ_ROUTED","operation":"hourly_sales_report","policy":"DR_PREFERRED_EVENTUAL","target":"PRIMARY","reason":"FEATURE_DISABLED"}
{"timestamp":"2026-09-30T15:25:01.627Z","level":"info","event":"request_completed","route":"/merchant/reports/overview","requestId":"8d06395c-9f1c-4a7a-90f3-1ff351e1341d","status":200,"totalMs":30.7,"dbQueryCount":9,"dbMs":29,"authMs":12.4}
{"timestamp":"2026-09-30T15:25:02.043Z","level":"info","event":"DATABASE_READ_ROUTED","operation":"hourly_sales_report","policy":"DR_PREFERRED_EVENTUAL","target":"PRIMARY","reason":"FEATURE_DISABLED"}
{"timestamp":"2026-09-30T15:25:02.043Z","level":"info","event":"DATABASE_READ_ROUTED","operation":"cancellation_reason_report","policy":"DR_PREFERRED_EVENTUAL","target":"PRIMARY","reason":"FEATURE_DISABLED"}
{"timestamp":"2026-09-30T15:25:02.048Z","level":"info","event":"request_completed","route":"/merchant/reports/overview","requestId":"bf7d4a49-0dca-4bfa-bbf6-5a90740305c4","status":200,"totalMs":30.3,"dbQueryCount":9,"dbMs":30.1,"authMs":15.4}
{"timestamp":"2026-09-30T15:25:02.426Z","level":"info","event":"DATABASE_READ_ROUTED","operation":"cancellation_reason_report","policy":"DR_PREFERRED_EVENTUAL","target":"PRIMARY","reason":"FEATURE_DISABLED"}
{"timestamp":"2026-09-30T15:25:02.426Z","level":"info","event":"DATABASE_READ_ROUTED","operation":"hourly_sales_report","policy":"DR_PREFERRED_EVENTUAL","target":"PRIMARY","reason":"FEATURE_DISABLED"}
{"timestamp":"2026-09-30T15:25:02.430Z","level":"info","event":"request_completed","route":"/merchant/reports/overview","requestId":"66de980b-9d62-4fad-a559-1f96a75d819f","status":200,"totalMs":27.1,"dbQueryCount":9,"dbMs":27,"authMs":12.4}
{"timestamp":"2026-09-30T15:25:02.822Z","level":"info","event":"DATABASE_READ_ROUTED","operation":"cancellation_reason_report","policy":"DR_PREFERRED_EVENTUAL","target":"PRIMARY","reason":"FEATURE_DISABLED"}
{"timestamp":"2026-09-30T15:25:02.823Z","level":"info","event":"DATABASE_READ_ROUTED","operation":"hourly_sales_report","policy":"DR_PREFERRED_EVENTUAL","target":"PRIMARY","reason":"FEATURE_DISABLED"}
{"timestamp":"2026-09-30T15:25:02.832Z","level":"info","event":"request_completed","route":"/merchant/reports/overview","requestId":"485484b0-9ed0-4ace-81e7-058f5cf0b319","status":200,"totalMs":34.1,"dbQueryCount":9,"dbMs":34,"authMs":15.4}
{"timestamp":"2026-09-30T15:25:03.293Z","level":"info","event":"DATABASE_READ_ROUTED","operation":"cancellation_reason_report","policy":"DR_PREFERRED_EVENTUAL","target":"PRIMARY","reason":"FEATURE_DISABLED"}
{"timestamp":"2026-09-30T15:25:03.293Z","level":"info","event":"DATABASE_READ_ROUTED","operation":"hourly_sales_report","policy":"DR_PREFERRED_EVENTUAL","target":"PRIMARY","reason":"FEATURE_DISABLED"}
{"timestamp":"2026-09-30T15:25:03.298Z","level":"info","event":"request_completed","route":"/merchant/reports/overview","requestId":"1b68f09e-d21a-42a8-a199-b28c2d1bda46","status":200,"totalMs":35.4,"dbQueryCount":9,"dbMs":35.2,"authMs":19.3}
{"timestamp":"2026-09-30T15:25:03.724Z","level":"info","event":"DATABASE_READ_ROUTED","operation":"cancellation_reason_report","policy":"DR_PREFERRED_EVENTUAL","target":"PRIMARY","reason":"FEATURE_DISABLED"}
{"timestamp":"2026-09-30T15:25:03.724Z","level":"info","event":"DATABASE_READ_ROUTED","operation":"hourly_sales_report","policy":"DR_PREFERRED_EVENTUAL","target":"PRIMARY","reason":"FEATURE_DISABLED"}
{"timestamp":"2026-09-30T15:25:03.730Z","level":"info","event":"request_completed","route":"/merchant/reports/overview","requestId":"e0e0aa0d-ffc5-4e72-be66-9dd9ac164c4d","status":200,"totalMs":37,"dbQueryCount":9,"dbMs":36.3,"authMs":16.4}
{"timestamp":"2026-09-30T15:25:04.131Z","level":"info","event":"DATABASE_READ_ROUTED","operation":"cancellation_reason_report","policy":"DR_PREFERRED_EVENTUAL","target":"PRIMARY","reason":"FEATURE_DISABLED"}
{"timestamp":"2026-09-30T15:25:04.131Z","level":"info","event":"DATABASE_READ_ROUTED","operation":"hourly_sales_report","policy":"DR_PREFERRED_EVENTUAL","target":"PRIMARY","reason":"FEATURE_DISABLED"}
{"timestamp":"2026-09-30T15:25:04.136Z","level":"info","event":"request_completed","route":"/merchant/reports/overview","requestId":"d1de2cfb-6ed9-46f2-8f82-6e7614a2be61","status":200,"totalMs":31.3,"dbQueryCount":9,"dbMs":31.1,"authMs":13.6}
{"timestamp":"2026-09-30T15:25:04.542Z","level":"info","event":"DATABASE_READ_ROUTED","operation":"cancellation_reason_report","policy":"DR_PREFERRED_EVENTUAL","target":"PRIMARY","reason":"FEATURE_DISABLED"}
{"timestamp":"2026-09-30T15:25:04.542Z","level":"info","event":"DATABASE_READ_ROUTED","operation":"hourly_sales_report","policy":"DR_PREFERRED_EVENTUAL","target":"PRIMARY","reason":"FEATURE_DISABLED"}
{"timestamp":"2026-09-30T15:25:04.546Z","level":"info","event":"request_completed","route":"/merchant/reports/overview","requestId":"ffaad8bb-0663-4ec1-bf2c-14f3d7088f0b","status":200,"totalMs":32.5,"dbQueryCount":9,"dbMs":32.3,"authMs":19.4}
{"timestamp":"2026-09-30T15:25:04.940Z","level":"info","event":"DATABASE_READ_ROUTED","operation":"cancellation_reason_report","policy":"DR_PREFERRED_EVENTUAL","target":"PRIMARY","reason":"FEATURE_DISABLED"}
{"timestamp":"2026-09-30T15:25:04.940Z","level":"info","event":"DATABASE_READ_ROUTED","operation":"hourly_sales_report","policy":"DR_PREFERRED_EVENTUAL","target":"PRIMARY","reason":"FEATURE_DISABLED"}
{"timestamp":"2026-09-30T15:25:04.945Z","level":"info","event":"request_completed","route":"/merchant/reports/overview","requestId":"f365ea5c-3ac6-44c3-831c-a03358f30d29","status":200,"totalMs":31.4,"dbQueryCount":9,"dbMs":31.2,"authMs":13.3}
{"timestamp":"2026-09-30T15:25:05.365Z","level":"info","event":"DATABASE_READ_ROUTED","operation":"hourly_sales_report","policy":"DR_PREFERRED_EVENTUAL","target":"PRIMARY","reason":"FEATURE_DISABLED"}
{"timestamp":"2026-09-30T15:25:05.365Z","level":"info","event":"DATABASE_READ_ROUTED","operation":"cancellation_reason_report","policy":"DR_PREFERRED_EVENTUAL","target":"PRIMARY","reason":"FEATURE_DISABLED"}
{"timestamp":"2026-09-30T15:25:05.369Z","level":"info","event":"request_completed","route":"/merchant/reports/overview","requestId":"8a4fcd6b-e864-45d4-8220-74fa139cc75b","status":200,"totalMs":27.9,"dbQueryCount":9,"dbMs":27.7,"authMs":13.1}
{"timestamp":"2026-09-30T15:25:05.780Z","level":"info","event":"DATABASE_READ_ROUTED","operation":"cancellation_reason_report","policy":"DR_PREFERRED_EVENTUAL","target":"PRIMARY","reason":"FEATURE_DISABLED"}
{"timestamp":"2026-09-30T15:25:05.780Z","level":"info","event":"DATABASE_READ_ROUTED","operation":"hourly_sales_report","policy":"DR_PREFERRED_EVENTUAL","target":"PRIMARY","reason":"FEATURE_DISABLED"}
{"timestamp":"2026-09-30T15:25:05.786Z","level":"info","event":"request_completed","route":"/merchant/reports/overview","requestId":"ea6932cc-fc93-4730-bb4b-2eeec934d452","status":200,"totalMs":39.9,"dbQueryCount":9,"dbMs":39.7,"authMs":12.1}
{"timestamp":"2026-09-30T15:25:06.153Z","level":"info","event":"DATABASE_READ_ROUTED","operation":"cancellation_reason_report","policy":"DR_PREFERRED_EVENTUAL","target":"PRIMARY","reason":"FEATURE_DISABLED"}
{"timestamp":"2026-09-30T15:25:06.153Z","level":"info","event":"DATABASE_READ_ROUTED","operation":"hourly_sales_report","policy":"DR_PREFERRED_EVENTUAL","target":"PRIMARY","reason":"FEATURE_DISABLED"}
{"timestamp":"2026-09-30T15:25:06.163Z","level":"info","event":"request_completed","route":"/merchant/reports/overview","requestId":"aca5628b-e930-4ff2-8737-8331a94cc029","status":200,"totalMs":56.3,"dbQueryCount":9,"dbMs":56,"authMs":24.7}
{"timestamp":"2026-09-30T15:25:06.380Z","level":"info","event":"DATABASE_READ_ROUTED","operation":"cancellation_reason_report","policy":"DR_PREFERRED_EVENTUAL","target":"PRIMARY","reason":"FEATURE_DISABLED"}
{"timestamp":"2026-09-30T15:25:06.381Z","level":"info","event":"DATABASE_READ_ROUTED","operation":"hourly_sales_report","policy":"DR_PREFERRED_EVENTUAL","target":"PRIMARY","reason":"FEATURE_DISABLED"}
{"timestamp":"2026-09-30T15:25:06.390Z","level":"info","event":"request_completed","route":"/merchant/reports/overview","requestId":"760aa0bb-d5a5-4d68-b9fa-4ad6d2a5b77f","status":200,"totalMs":42.6,"dbQueryCount":9,"dbMs":42.3,"authMs":19.5}
{"timestamp":"2026-09-30T15:25:06.546Z","level":"info","event":"DATABASE_READ_ROUTED","operation":"hourly_sales_report","policy":"DR_PREFERRED_EVENTUAL","target":"PRIMARY","reason":"FEATURE_DISABLED"}
{"timestamp":"2026-09-30T15:25:06.546Z","level":"info","event":"DATABASE_READ_ROUTED","operation":"cancellation_reason_report","policy":"DR_PREFERRED_EVENTUAL","target":"PRIMARY","reason":"FEATURE_DISABLED"}
{"timestamp":"2026-09-30T15:25:06.551Z","level":"info","event":"request_completed","route":"/merchant/reports/overview","requestId":"a64153d8-4ed5-490b-919a-6320a07a30b5","status":200,"totalMs":28.8,"dbQueryCount":9,"dbMs":28.6,"authMs":14.1}
{"timestamp":"2026-09-30T15:25:06.721Z","level":"info","event":"DATABASE_READ_ROUTED","operation":"cancellation_reason_report","policy":"DR_PREFERRED_EVENTUAL","target":"PRIMARY","reason":"FEATURE_DISABLED"}
{"timestamp":"2026-09-30T15:25:06.722Z","level":"info","event":"DATABASE_READ_ROUTED","operation":"hourly_sales_report","policy":"DR_PREFERRED_EVENTUAL","target":"PRIMARY","reason":"FEATURE_DISABLED"}
{"timestamp":"2026-09-30T15:25:06.726Z","level":"info","event":"request_completed","route":"/merchant/reports/overview","requestId":"233d1eae-f247-4793-b8cd-ad55015c558b","status":200,"totalMs":30.2,"dbQueryCount":9,"dbMs":30,"authMs":16}
{"timestamp":"2026-09-30T15:25:06.865Z","level":"info","event":"DATABASE_READ_ROUTED","operation":"cancellation_reason_report","policy":"DR_PREFERRED_EVENTUAL","target":"PRIMARY","reason":"FEATURE_DISABLED"}
{"timestamp":"2026-09-30T15:25:06.866Z","level":"info","event":"DATABASE_READ_ROUTED","operation":"hourly_sales_report","policy":"DR_PREFERRED_EVENTUAL","target":"PRIMARY","reason":"FEATURE_DISABLED"}
{"timestamp":"2026-09-30T15:25:06.870Z","level":"info","event":"request_completed","route":"/merchant/reports/overview","requestId":"98deb6de-a432-4467-9f33-ecd523897bd3","status":200,"totalMs":31.7,"dbQueryCount":9,"dbMs":31.6,"authMs":17.6}
{"timestamp":"2026-09-30T15:25:07.021Z","level":"info","event":"DATABASE_READ_ROUTED","operation":"cancellation_reason_report","policy":"DR_PREFERRED_EVENTUAL","target":"PRIMARY","reason":"FEATURE_DISABLED"}
{"timestamp":"2026-09-30T15:25:07.021Z","level":"info","event":"DATABASE_READ_ROUTED","operation":"hourly_sales_report","policy":"DR_PREFERRED_EVENTUAL","target":"PRIMARY","reason":"FEATURE_DISABLED"}
{"timestamp":"2026-09-30T15:25:07.028Z","level":"info","event":"request_completed","route":"/merchant/reports/overview","requestId":"217d1d5e-184f-4147-986c-8d42d6929f45","status":200,"totalMs":38.9,"dbQueryCount":9,"dbMs":38.7,"authMs":21.3}
{"timestamp":"2026-09-30T15:25:07.180Z","level":"info","event":"DATABASE_READ_ROUTED","operation":"cancellation_reason_report","policy":"DR_PREFERRED_EVENTUAL","target":"PRIMARY","reason":"FEATURE_DISABLED"}
{"timestamp":"2026-09-30T15:25:07.180Z","level":"info","event":"DATABASE_READ_ROUTED","operation":"hourly_sales_report","policy":"DR_PREFERRED_EVENTUAL","target":"PRIMARY","reason":"FEATURE_DISABLED"}
{"timestamp":"2026-09-30T15:25:07.184Z","level":"info","event":"request_completed","route":"/merchant/reports/overview","requestId":"b05faab3-e3c9-45e5-a391-e6aac0da645e","status":200,"totalMs":25.9,"dbQueryCount":9,"dbMs":25.7,"authMs":15}
{"timestamp":"2026-09-30T15:25:07.325Z","level":"info","event":"DATABASE_READ_ROUTED","operation":"hourly_sales_report","policy":"DR_PREFERRED_EVENTUAL","target":"PRIMARY","reason":"FEATURE_DISABLED"}
{"timestamp":"2026-09-30T15:25:07.325Z","level":"info","event":"DATABASE_READ_ROUTED","operation":"cancellation_reason_report","policy":"DR_PREFERRED_EVENTUAL","target":"PRIMARY","reason":"FEATURE_DISABLED"}
{"timestamp":"2026-09-30T15:25:07.329Z","level":"info","event":"request_completed","route":"/merchant/reports/overview","requestId":"0729ca2d-2ede-4312-8ba6-f2fcc5010114","status":200,"totalMs":45.7,"dbQueryCount":9,"dbMs":45.4,"authMs":25.5}
{"timestamp":"2026-09-30T15:25:07.798Z","level":"info","event":"DATABASE_READ_ROUTED","operation":"cancellation_reason_report","policy":"DR_PREFERRED_EVENTUAL","target":"PRIMARY","reason":"FEATURE_DISABLED"}
{"timestamp":"2026-09-30T15:25:07.798Z","level":"info","event":"DATABASE_READ_ROUTED","operation":"hourly_sales_report","policy":"DR_PREFERRED_EVENTUAL","target":"PRIMARY","reason":"FEATURE_DISABLED"}
{"timestamp":"2026-09-30T15:25:07.804Z","level":"info","event":"request_completed","route":"/merchant/reports/overview","requestId":"15d73aa4-a42a-4535-bbae-f65169d4c533","status":200,"totalMs":31.7,"dbQueryCount":9,"dbMs":31.2,"authMs":15.6}
{"timestamp":"2026-09-30T15:25:07.972Z","level":"info","event":"DATABASE_READ_ROUTED","operation":"hourly_sales_report","policy":"DR_PREFERRED_EVENTUAL","target":"PRIMARY","reason":"FEATURE_DISABLED"}
{"timestamp":"2026-09-30T15:25:07.973Z","level":"info","event":"DATABASE_READ_ROUTED","operation":"cancellation_reason_report","policy":"DR_PREFERRED_EVENTUAL","target":"PRIMARY","reason":"FEATURE_DISABLED"}
{"timestamp":"2026-09-30T15:25:07.979Z","level":"info","event":"request_completed","route":"/merchant/reports/overview","requestId":"3ce7f92a-43e7-49a6-9e0d-e0a927d5b438","status":200,"totalMs":37.1,"dbQueryCount":9,"dbMs":36.9,"authMs":17.3}
{"timestamp":"2026-09-30T15:25:08.167Z","level":"info","event":"DATABASE_READ_ROUTED","operation":"cancellation_reason_report","policy":"DR_PREFERRED_EVENTUAL","target":"PRIMARY","reason":"FEATURE_DISABLED"}
{"timestamp":"2026-09-30T15:25:08.168Z","level":"info","event":"DATABASE_READ_ROUTED","operation":"hourly_sales_report","policy":"DR_PREFERRED_EVENTUAL","target":"PRIMARY","reason":"FEATURE_DISABLED"}
{"timestamp":"2026-09-30T15:25:08.175Z","level":"info","event":"request_completed","route":"/merchant/reports/overview","requestId":"deb31e3a-8e0a-4c28-9941-c813591a2b06","status":200,"totalMs":49,"dbQueryCount":9,"dbMs":48.8,"authMs":17.8}
{"timestamp":"2026-09-30T15:25:08.331Z","level":"info","event":"DATABASE_READ_ROUTED","operation":"cancellation_reason_report","policy":"DR_PREFERRED_EVENTUAL","target":"PRIMARY","reason":"FEATURE_DISABLED"}
{"timestamp":"2026-09-30T15:25:08.331Z","level":"info","event":"DATABASE_READ_ROUTED","operation":"hourly_sales_report","policy":"DR_PREFERRED_EVENTUAL","target":"PRIMARY","reason":"FEATURE_DISABLED"}
{"timestamp":"2026-09-30T15:25:08.336Z","level":"info","event":"request_completed","route":"/merchant/reports/overview","requestId":"89441fad-7791-4da6-8435-83d54c65abd9","status":200,"totalMs":30.6,"dbQueryCount":9,"dbMs":30.4,"authMs":14.4}
{"timestamp":"2026-09-30T15:25:08.498Z","level":"info","event":"DATABASE_READ_ROUTED","operation":"hourly_sales_report","policy":"DR_PREFERRED_EVENTUAL","target":"PRIMARY","reason":"FEATURE_DISABLED"}
{"timestamp":"2026-09-30T15:25:08.498Z","level":"info","event":"DATABASE_READ_ROUTED","operation":"cancellation_reason_report","policy":"DR_PREFERRED_EVENTUAL","target":"PRIMARY","reason":"FEATURE_DISABLED"}
{"timestamp":"2026-09-30T15:25:08.504Z","level":"info","event":"request_completed","route":"/merchant/reports/overview","requestId":"f7c0ccfd-23ea-4c3d-9351-39750ee2f895","status":200,"totalMs":50.2,"dbQueryCount":9,"dbMs":50,"authMs":26.9}
{"timestamp":"2026-09-30T15:25:08.644Z","level":"info","event":"DATABASE_READ_ROUTED","operation":"cancellation_reason_report","policy":"DR_PREFERRED_EVENTUAL","target":"PRIMARY","reason":"FEATURE_DISABLED"}
{"timestamp":"2026-09-30T15:25:08.644Z","level":"info","event":"DATABASE_READ_ROUTED","operation":"hourly_sales_report","policy":"DR_PREFERRED_EVENTUAL","target":"PRIMARY","reason":"FEATURE_DISABLED"}
{"timestamp":"2026-09-30T15:25:08.649Z","level":"info","event":"request_completed","route":"/merchant/reports/overview","requestId":"11f04cad-1be7-4761-a9b3-5b7702ab459d","status":200,"totalMs":30.3,"dbQueryCount":9,"dbMs":30.1,"authMs":16}
{"timestamp":"2026-09-30T15:25:08.808Z","level":"info","event":"DATABASE_READ_ROUTED","operation":"hourly_sales_report","policy":"DR_PREFERRED_EVENTUAL","target":"PRIMARY","reason":"FEATURE_DISABLED"}
{"timestamp":"2026-09-30T15:25:08.808Z","level":"info","event":"DATABASE_READ_ROUTED","operation":"cancellation_reason_report","policy":"DR_PREFERRED_EVENTUAL","target":"PRIMARY","reason":"FEATURE_DISABLED"}
{"timestamp":"2026-09-30T15:25:08.813Z","level":"info","event":"request_completed","route":"/merchant/reports/overview","requestId":"601b0b3a-5502-420f-8ca3-b8eb53c4f5f9","status":200,"totalMs":35.8,"dbQueryCount":9,"dbMs":35.6,"authMs":17.9}
{"timestamp":"2026-09-30T15:25:08.983Z","level":"info","event":"DATABASE_READ_ROUTED","operation":"cancellation_reason_report","policy":"DR_PREFERRED_EVENTUAL","target":"PRIMARY","reason":"FEATURE_DISABLED"}
{"timestamp":"2026-09-30T15:25:08.983Z","level":"info","event":"DATABASE_READ_ROUTED","operation":"hourly_sales_report","policy":"DR_PREFERRED_EVENTUAL","target":"PRIMARY","reason":"FEATURE_DISABLED"}
{"timestamp":"2026-09-30T15:25:08.990Z","level":"info","event":"request_completed","route":"/merchant/reports/overview","requestId":"a790ef8f-21b7-4796-8a80-9bcc4085ee71","status":200,"totalMs":46.8,"dbQueryCount":9,"dbMs":46.6,"authMs":13.4}
{"timestamp":"2026-09-30T15:25:09.482Z","level":"info","event":"DATABASE_READ_ROUTED","operation":"hourly_sales_report","policy":"DR_PREFERRED_EVENTUAL","target":"PRIMARY","reason":"FEATURE_DISABLED"}
{"timestamp":"2026-09-30T15:25:09.482Z","level":"info","event":"DATABASE_READ_ROUTED","operation":"cancellation_reason_report","policy":"DR_PREFERRED_EVENTUAL","target":"PRIMARY","reason":"FEATURE_DISABLED"}
{"timestamp":"2026-09-30T15:25:09.487Z","level":"info","event":"request_completed","route":"/merchant/reports/overview","requestId":"42c17d34-4f65-4c28-a56b-772459882219","status":200,"totalMs":56.1,"dbQueryCount":9,"dbMs":55.9,"authMs":31.3}
{"timestamp":"2026-09-30T15:25:09.638Z","level":"info","event":"DATABASE_READ_ROUTED","operation":"hourly_sales_report","policy":"DR_PREFERRED_EVENTUAL","target":"PRIMARY","reason":"FEATURE_DISABLED"}
{"timestamp":"2026-09-30T15:25:09.639Z","level":"info","event":"DATABASE_READ_ROUTED","operation":"cancellation_reason_report","policy":"DR_PREFERRED_EVENTUAL","target":"PRIMARY","reason":"FEATURE_DISABLED"}
{"timestamp":"2026-09-30T15:25:09.644Z","level":"info","event":"request_completed","route":"/merchant/reports/overview","requestId":"d405e653-8235-47b4-8623-864d78d715d0","status":200,"totalMs":32.9,"dbQueryCount":9,"dbMs":32.6,"authMs":17.2}
{"timestamp":"2026-09-30T15:25:09.838Z","level":"info","event":"DATABASE_READ_ROUTED","operation":"cancellation_reason_report","policy":"DR_PREFERRED_EVENTUAL","target":"PRIMARY","reason":"FEATURE_DISABLED"}
{"timestamp":"2026-09-30T15:25:09.838Z","level":"info","event":"DATABASE_READ_ROUTED","operation":"hourly_sales_report","policy":"DR_PREFERRED_EVENTUAL","target":"PRIMARY","reason":"FEATURE_DISABLED"}
{"timestamp":"2026-09-30T15:25:09.844Z","level":"info","event":"request_completed","route":"/merchant/reports/overview","requestId":"26592dd3-17a0-472d-a9eb-4b26a426ba54","status":200,"totalMs":33.1,"dbQueryCount":9,"dbMs":32.4,"authMs":16.2}
{"timestamp":"2026-09-30T15:25:09.997Z","level":"info","event":"DATABASE_READ_ROUTED","operation":"hourly_sales_report","policy":"DR_PREFERRED_EVENTUAL","target":"PRIMARY","reason":"FEATURE_DISABLED"}
{"timestamp":"2026-09-30T15:25:09.998Z","level":"info","event":"DATABASE_READ_ROUTED","operation":"cancellation_reason_report","policy":"DR_PREFERRED_EVENTUAL","target":"PRIMARY","reason":"FEATURE_DISABLED"}
{"timestamp":"2026-09-30T15:25:10.005Z","level":"info","event":"request_completed","route":"/merchant/reports/overview","requestId":"45c0fe72-2e5f-4b70-b0a1-31522581d44d","status":200,"totalMs":32,"dbQueryCount":9,"dbMs":31.8,"authMs":15.6}
{"timestamp":"2026-09-30T15:25:10.150Z","level":"info","event":"DATABASE_READ_ROUTED","operation":"cancellation_reason_report","policy":"DR_PREFERRED_EVENTUAL","target":"PRIMARY","reason":"FEATURE_DISABLED"}
{"timestamp":"2026-09-30T15:25:10.150Z","level":"info","event":"DATABASE_READ_ROUTED","operation":"hourly_sales_report","policy":"DR_PREFERRED_EVENTUAL","target":"PRIMARY","reason":"FEATURE_DISABLED"}
{"timestamp":"2026-09-30T15:25:10.155Z","level":"info","event":"request_completed","route":"/merchant/reports/overview","requestId":"d0a015eb-c745-4b8e-bf3a-08a3d235a3e1","status":200,"totalMs":31.9,"dbQueryCount":9,"dbMs":31.7,"authMs":16.3}
{"timestamp":"2026-09-30T15:25:10.298Z","level":"info","event":"DATABASE_READ_ROUTED","operation":"hourly_sales_report","policy":"DR_PREFERRED_EVENTUAL","target":"PRIMARY","reason":"FEATURE_DISABLED"}
{"timestamp":"2026-09-30T15:25:10.299Z","level":"info","event":"DATABASE_READ_ROUTED","operation":"cancellation_reason_report","policy":"DR_PREFERRED_EVENTUAL","target":"PRIMARY","reason":"FEATURE_DISABLED"}
{"timestamp":"2026-09-30T15:25:10.305Z","level":"info","event":"request_completed","route":"/merchant/reports/overview","requestId":"38295089-8870-4cb7-8b96-56ec3db72853","status":200,"totalMs":31.2,"dbQueryCount":9,"dbMs":31,"authMs":15.4}
{"timestamp":"2026-09-30T15:25:10.493Z","level":"info","event":"DATABASE_READ_ROUTED","operation":"cancellation_reason_report","policy":"DR_PREFERRED_EVENTUAL","target":"PRIMARY","reason":"FEATURE_DISABLED"}
{"timestamp":"2026-09-30T15:25:10.493Z","level":"info","event":"DATABASE_READ_ROUTED","operation":"hourly_sales_report","policy":"DR_PREFERRED_EVENTUAL","target":"PRIMARY","reason":"FEATURE_DISABLED"}
{"timestamp":"2026-09-30T15:25:10.498Z","level":"info","event":"request_completed","route":"/merchant/reports/overview","requestId":"8ad3eb94-6f23-4287-84ce-11f023422493","status":200,"totalMs":34.9,"dbQueryCount":9,"dbMs":34.6,"authMs":18.4}
{"timestamp":"2026-09-30T15:25:10.661Z","level":"info","event":"DATABASE_READ_ROUTED","operation":"cancellation_reason_report","policy":"DR_PREFERRED_EVENTUAL","target":"PRIMARY","reason":"FEATURE_DISABLED"}
{"timestamp":"2026-09-30T15:25:10.661Z","level":"info","event":"DATABASE_READ_ROUTED","operation":"hourly_sales_report","policy":"DR_PREFERRED_EVENTUAL","target":"PRIMARY","reason":"FEATURE_DISABLED"}
{"timestamp":"2026-09-30T15:25:10.665Z","level":"info","event":"request_completed","route":"/merchant/reports/overview","requestId":"88064455-2a39-40f6-9c7d-796fa9f5f192","status":200,"totalMs":29.1,"dbQueryCount":9,"dbMs":28.9,"authMs":15.9}
{"timestamp":"2026-09-30T15:25:10.814Z","level":"info","event":"DATABASE_READ_ROUTED","operation":"hourly_sales_report","policy":"DR_PREFERRED_EVENTUAL","target":"PRIMARY","reason":"FEATURE_DISABLED"}
{"timestamp":"2026-09-30T15:25:10.814Z","level":"info","event":"DATABASE_READ_ROUTED","operation":"cancellation_reason_report","policy":"DR_PREFERRED_EVENTUAL","target":"PRIMARY","reason":"FEATURE_DISABLED"}
{"timestamp":"2026-09-30T15:25:10.818Z","level":"info","event":"request_completed","route":"/merchant/reports/overview","requestId":"8049b069-0416-432a-878b-5c88838e1172","status":200,"totalMs":29.8,"dbQueryCount":9,"dbMs":29.7,"authMs":14.6}
{"timestamp":"2026-09-30T15:25:10.970Z","level":"info","event":"DATABASE_READ_ROUTED","operation":"hourly_sales_report","policy":"DR_PREFERRED_EVENTUAL","target":"PRIMARY","reason":"FEATURE_DISABLED"}
{"timestamp":"2026-09-30T15:25:10.970Z","level":"info","event":"DATABASE_READ_ROUTED","operation":"cancellation_reason_report","policy":"DR_PREFERRED_EVENTUAL","target":"PRIMARY","reason":"FEATURE_DISABLED"}
{"timestamp":"2026-09-30T15:25:10.974Z","level":"info","event":"request_completed","route":"/merchant/reports/overview","requestId":"c5849091-5edb-4728-9a39-3a34a84991c0","status":200,"totalMs":28.9,"dbQueryCount":9,"dbMs":28.6,"authMs":15.2}
{"timestamp":"2026-09-30T15:25:11.157Z","level":"info","event":"DATABASE_READ_ROUTED","operation":"cancellation_reason_report","policy":"DR_PREFERRED_EVENTUAL","target":"PRIMARY","reason":"FEATURE_DISABLED"}
{"timestamp":"2026-09-30T15:25:11.157Z","level":"info","event":"DATABASE_READ_ROUTED","operation":"hourly_sales_report","policy":"DR_PREFERRED_EVENTUAL","target":"PRIMARY","reason":"FEATURE_DISABLED"}
{"timestamp":"2026-09-30T15:25:11.162Z","level":"info","event":"request_completed","route":"/merchant/reports/overview","requestId":"8926168c-5d07-4766-9c6e-7af0be029900","status":200,"totalMs":33.9,"dbQueryCount":9,"dbMs":33.6,"authMs":19.2}
{"timestamp":"2026-09-30T15:25:11.310Z","level":"info","event":"DATABASE_READ_ROUTED","operation":"hourly_sales_report","policy":"DR_PREFERRED_EVENTUAL","target":"PRIMARY","reason":"FEATURE_DISABLED"}
{"timestamp":"2026-09-30T15:25:11.310Z","level":"info","event":"DATABASE_READ_ROUTED","operation":"cancellation_reason_report","policy":"DR_PREFERRED_EVENTUAL","target":"PRIMARY","reason":"FEATURE_DISABLED"}
{"timestamp":"2026-09-30T15:25:11.315Z","level":"info","event":"request_completed","route":"/merchant/reports/overview","requestId":"cfe2779c-3888-472c-abfe-36876edefee5","status":200,"totalMs":30.8,"dbQueryCount":9,"dbMs":30.6,"authMs":16.8}
{"timestamp":"2026-09-30T15:25:11.470Z","level":"info","event":"DATABASE_READ_ROUTED","operation":"hourly_sales_report","policy":"DR_PREFERRED_EVENTUAL","target":"PRIMARY","reason":"FEATURE_DISABLED"}
{"timestamp":"2026-09-30T15:25:11.470Z","level":"info","event":"DATABASE_READ_ROUTED","operation":"cancellation_reason_report","policy":"DR_PREFERRED_EVENTUAL","target":"PRIMARY","reason":"FEATURE_DISABLED"}
{"timestamp":"2026-09-30T15:25:11.474Z","level":"info","event":"request_completed","route":"/merchant/reports/overview","requestId":"dc5b432f-6226-45a6-a564-5863490992d5","status":200,"totalMs":31.2,"dbQueryCount":9,"dbMs":31.1,"authMs":18.6}
{"timestamp":"2026-09-30T15:25:11.611Z","level":"info","event":"DATABASE_READ_ROUTED","operation":"cancellation_reason_report","policy":"DR_PREFERRED_EVENTUAL","target":"PRIMARY","reason":"FEATURE_DISABLED"}
{"timestamp":"2026-09-30T15:25:11.611Z","level":"info","event":"DATABASE_READ_ROUTED","operation":"hourly_sales_report","policy":"DR_PREFERRED_EVENTUAL","target":"PRIMARY","reason":"FEATURE_DISABLED"}
{"timestamp":"2026-09-30T15:25:11.615Z","level":"info","event":"request_completed","route":"/merchant/reports/overview","requestId":"65e778fa-133c-4471-b4dd-5d82a85b6fea","status":200,"totalMs":26.8,"dbQueryCount":9,"dbMs":26.6,"authMs":14.1}
{"timestamp":"2026-09-30T15:25:11.932Z","level":"info","event":"request_completed","route":"/staff/:stallSlug","requestId":"b3d5f88d-1f80-477c-bd64-2388101b2156","status":200,"totalMs":73.1,"dbQueryCount":17,"dbMs":72.9,"authMs":15.7}
{"timestamp":"2026-09-30T15:25:13.854Z","level":"info","event":"request_completed","route":"/kitchen","requestId":"4393a99a-e9fc-40c7-a278-466b61fb7d71","status":200,"totalMs":65.4,"dbQueryCount":9,"dbMs":65.2,"authMs":29.2}
{"timestamp":"2026-09-30T15:25:14.054Z","level":"info","event":"request_completed","route":"/api/stalls/:stallSlug/kitchen/board","requestId":"ca5b2893-d136-430c-bdfb-3b86b9d8c32a","status":200,"totalMs":70.6,"dbQueryCount":9,"dbMs":69.5,"authMs":21.1}
{"timestamp":"2026-09-30T15:25:14.095Z","level":"info","event":"request_completed","route":"/api/stalls/:stallSlug/kitchen/board","requestId":"befd3b81-47e7-48fe-8886-42a653fdb482","status":200,"totalMs":74.8,"dbQueryCount":9,"dbMs":73.6,"authMs":35.4}
{"timestamp":"2026-09-30T15:25:14.134Z","level":"info","event":"request_completed","route":"/api/stalls/:stallSlug/kitchen/board","requestId":"7e6e4d94-31af-4c12-9005-4091a452fab3","status":200,"totalMs":70.6,"dbQueryCount":9,"dbMs":69.3,"authMs":21.2}
{"timestamp":"2026-09-30T15:25:14.176Z","level":"info","event":"request_completed","route":"/api/stalls/:stallSlug/kitchen/board","requestId":"92dab16b-ba9a-4fb9-a1cd-2e561707fa64","status":200,"totalMs":75.3,"dbQueryCount":9,"dbMs":73.7,"authMs":19.2}
{"timestamp":"2026-09-30T15:25:14.246Z","level":"info","event":"request_completed","route":"/api/stalls/:stallSlug/kitchen/board","requestId":"337e15d0-a3ae-46b3-9956-3559dd101fd3","status":200,"totalMs":103.5,"dbQueryCount":9,"dbMs":102.4,"authMs":57.7}
{"timestamp":"2026-09-30T15:25:14.331Z","level":"info","event":"request_completed","route":"/api/stalls/:stallSlug/kitchen/board","requestId":"e1d9d424-bf3d-4c0e-af88-0fdb0b9c09b3","status":200,"totalMs":72.5,"dbQueryCount":9,"dbMs":70.9,"authMs":24.4}
{"timestamp":"2026-09-30T15:25:14.417Z","level":"info","event":"request_completed","route":"/api/stalls/:stallSlug/kitchen/board","requestId":"8a07330b-e47d-43fa-b089-4e199c312f91","status":200,"totalMs":76.5,"dbQueryCount":9,"dbMs":75,"authMs":22.6}
{"timestamp":"2026-09-30T15:25:14.480Z","level":"info","event":"request_completed","route":"/api/stalls/:stallSlug/kitchen/board","requestId":"893d38a2-8720-4671-b8c3-286cb850c234","status":200,"totalMs":55,"dbQueryCount":9,"dbMs":54.1,"authMs":20}
{"timestamp":"2026-09-30T15:25:14.543Z","level":"info","event":"request_completed","route":"/api/stalls/:stallSlug/kitchen/board","requestId":"f40928ef-15d8-473e-a0f3-d05f6f1f1bcd","status":200,"totalMs":56.7,"dbQueryCount":9,"dbMs":55.7,"authMs":19.5}
{"timestamp":"2026-09-30T15:25:14.610Z","level":"info","event":"request_completed","route":"/api/stalls/:stallSlug/kitchen/board","requestId":"40d52335-17d0-437b-a714-8754fff48c59","status":200,"totalMs":59.9,"dbQueryCount":9,"dbMs":59,"authMs":18.4}
{"timestamp":"2026-09-30T15:25:14.677Z","level":"info","event":"request_completed","route":"/api/stalls/:stallSlug/kitchen/board","requestId":"bf0a8a1e-1a2e-4c60-a691-b2cf873f3a03","status":200,"totalMs":60.1,"dbQueryCount":9,"dbMs":59.2,"authMs":22.8}
{"timestamp":"2026-09-30T15:25:14.743Z","level":"info","event":"request_completed","route":"/api/stalls/:stallSlug/kitchen/board","requestId":"bce36279-be1e-4be6-882a-f83512a5ba94","status":200,"totalMs":58.3,"dbQueryCount":9,"dbMs":57.3,"authMs":21.7}
{"timestamp":"2026-09-30T15:25:14.807Z","level":"info","event":"request_completed","route":"/api/stalls/:stallSlug/kitchen/board","requestId":"ad45713d-c380-42d0-9358-820338a2344a","status":200,"totalMs":56.4,"dbQueryCount":9,"dbMs":55.3,"authMs":20.4}
{"timestamp":"2026-09-30T15:25:14.868Z","level":"info","event":"request_completed","route":"/api/stalls/:stallSlug/kitchen/board","requestId":"75615c86-e9d3-47e9-a1d9-36d26b383a76","status":200,"totalMs":54.2,"dbQueryCount":9,"dbMs":53.2,"authMs":18.2}
{"timestamp":"2026-09-30T15:25:14.941Z","level":"info","event":"request_completed","route":"/api/stalls/:stallSlug/kitchen/board","requestId":"f88393c1-a295-4d46-a541-505ad6acd82c","status":200,"totalMs":59.4,"dbQueryCount":9,"dbMs":58.3,"authMs":22.6}
{"timestamp":"2026-09-30T15:25:15.005Z","level":"info","event":"request_completed","route":"/api/stalls/:stallSlug/kitchen/board","requestId":"d7bf4212-a47f-4e1c-a80a-42ef6b23644d","status":200,"totalMs":56.2,"dbQueryCount":9,"dbMs":55.1,"authMs":18.5}
{"timestamp":"2026-09-30T15:25:15.066Z","level":"info","event":"request_completed","route":"/api/stalls/:stallSlug/kitchen/board","requestId":"b64325db-405b-4cdf-a0c8-b79171c854fe","status":200,"totalMs":55.3,"dbQueryCount":9,"dbMs":54.3,"authMs":20.3}
{"timestamp":"2026-09-30T15:25:15.146Z","level":"info","event":"request_completed","route":"/api/stalls/:stallSlug/kitchen/board","requestId":"54e45e72-d6ac-4e3c-bda4-74bd69e9b827","status":200,"totalMs":60.4,"dbQueryCount":9,"dbMs":59.2,"authMs":18.9}
{"timestamp":"2026-09-30T15:25:15.208Z","level":"info","event":"request_completed","route":"/api/stalls/:stallSlug/kitchen/board","requestId":"b5d1668a-f1ee-4c7f-acc2-c9cd5b8d1727","status":200,"totalMs":55.3,"dbQueryCount":9,"dbMs":54.3,"authMs":18.2}
{"timestamp":"2026-09-30T15:25:15.278Z","level":"info","event":"request_completed","route":"/api/stalls/:stallSlug/kitchen/board","requestId":"c85f5818-8bff-4c39-9118-6d21486a834b","status":200,"totalMs":61.2,"dbQueryCount":9,"dbMs":59.6,"authMs":18.3}
{"timestamp":"2026-09-30T15:25:15.357Z","level":"info","event":"request_completed","route":"/api/stalls/:stallSlug/kitchen/board","requestId":"4890d488-f263-47fa-b1f9-a2f8836f8dbe","status":200,"totalMs":71,"dbQueryCount":9,"dbMs":69.4,"authMs":20.1}
{"timestamp":"2026-09-30T15:25:15.434Z","level":"info","event":"request_completed","route":"/api/stalls/:stallSlug/kitchen/board","requestId":"6b0ba4be-bfac-40f1-a1fb-8b8634a9573e","status":200,"totalMs":67.8,"dbQueryCount":9,"dbMs":66.3,"authMs":20.6}
{"timestamp":"2026-09-30T15:25:15.525Z","level":"info","event":"request_completed","route":"/api/stalls/:stallSlug/kitchen/board","requestId":"a62ba58e-52e1-4a16-834c-0c96860a3f13","status":200,"totalMs":82.3,"dbQueryCount":9,"dbMs":80.8,"authMs":34.4}
{"timestamp":"2026-09-30T15:25:15.587Z","level":"info","event":"request_completed","route":"/api/stalls/:stallSlug/kitchen/board","requestId":"16f94208-c1a1-47f3-8391-255c2e71dd1d","status":200,"totalMs":53.7,"dbQueryCount":9,"dbMs":52.6,"authMs":18.6}
{"timestamp":"2026-09-30T15:25:15.646Z","level":"info","event":"request_completed","route":"/api/stalls/:stallSlug/kitchen/board","requestId":"dfc184f1-639a-4690-a130-c58de09413ff","status":200,"totalMs":50.9,"dbQueryCount":9,"dbMs":49.9,"authMs":18.4}
{"timestamp":"2026-09-30T15:25:15.707Z","level":"info","event":"request_completed","route":"/api/stalls/:stallSlug/kitchen/board","requestId":"c325a940-97d3-41fb-b136-5f0c73925373","status":200,"totalMs":53.9,"dbQueryCount":9,"dbMs":52.9,"authMs":20.6}
{"timestamp":"2026-09-30T15:25:15.770Z","level":"info","event":"request_completed","route":"/api/stalls/:stallSlug/kitchen/board","requestId":"7fb5ffb1-aa83-46e5-9048-6228d72d793a","status":200,"totalMs":56.4,"dbQueryCount":9,"dbMs":55.4,"authMs":17.3}
{"timestamp":"2026-09-30T15:25:15.848Z","level":"info","event":"request_completed","route":"/api/stalls/:stallSlug/kitchen/board","requestId":"dc0efe61-dd1e-475f-8fbb-872a94284452","status":200,"totalMs":68.2,"dbQueryCount":9,"dbMs":66.6,"authMs":19.7}
{"timestamp":"2026-09-30T15:25:15.929Z","level":"info","event":"request_completed","route":"/api/stalls/:stallSlug/kitchen/board","requestId":"22f402e2-75a7-4bc3-8db0-a250eb4ef4ca","status":200,"totalMs":72.4,"dbQueryCount":9,"dbMs":71.3,"authMs":24.3}
{"timestamp":"2026-09-30T15:25:16.025Z","level":"info","event":"request_completed","route":"/api/stalls/:stallSlug/kitchen/board","requestId":"eefe209a-ec3b-44f6-8bd5-a06ab73c6ffe","status":200,"totalMs":85.9,"dbQueryCount":9,"dbMs":84.1,"authMs":23.5}
{"timestamp":"2026-09-30T15:25:16.146Z","level":"info","event":"request_completed","route":"/api/stalls/:stallSlug/kitchen/board","requestId":"d7839565-6e95-4264-b3b8-1a58a4756c77","status":200,"totalMs":109.8,"dbQueryCount":9,"dbMs":108.2,"authMs":26.5}
{"timestamp":"2026-09-30T15:25:16.287Z","level":"info","event":"request_completed","route":"/api/stalls/:stallSlug/kitchen/board","requestId":"a9b0f4fb-4cf1-4197-9fc3-70387d4824ba","status":200,"totalMs":128.9,"dbQueryCount":9,"dbMs":127.2,"authMs":31.9}
{"timestamp":"2026-09-30T15:25:16.535Z","level":"info","event":"DATABASE_READ_ROUTED","operation":"cancellation_reason_report","policy":"DR_PREFERRED_EVENTUAL","target":"PRIMARY","reason":"FEATURE_DISABLED"}
{"timestamp":"2026-09-30T15:25:16.535Z","level":"info","event":"DATABASE_READ_ROUTED","operation":"hourly_sales_report","policy":"DR_PREFERRED_EVENTUAL","target":"PRIMARY","reason":"FEATURE_DISABLED"}
{"timestamp":"2026-09-30T15:25:16.543Z","level":"info","event":"request_completed","route":"/merchant/reports/overview","requestId":"a28af90b-ebd5-4536-8a13-c2d6ace0e03b","status":200,"totalMs":46.2,"dbQueryCount":9,"dbMs":43.8,"authMs":20}
{"timestamp":"2026-09-30T15:25:17.136Z","level":"info","event":"request_completed","route":"/q/:qrToken","requestId":"5b5048ad-2208-4833-8326-4c403f6e9dba","status":200,"totalMs":33.7,"dbMs":33.4,"renderMs":33.7}
{"timestamp":"2026-09-30T15:25:19.031Z","level":"info","event":"request_completed","route":"/q/:qrToken","requestId":"b0641519-1248-43f3-858b-4085e7e4e461","status":200,"totalMs":25.8,"dbMs":25.4,"renderMs":25.8}
{"timestamp":"2026-09-30T15:25:20.925Z","level":"info","event":"request_completed","route":"/q/:qrToken","requestId":"8cce31a9-4494-485d-a886-c3f74ed559d4","status":200,"totalMs":26,"dbMs":25.7,"renderMs":26}
{"timestamp":"2026-09-30T15:25:22.787Z","level":"info","event":"request_completed","route":"/q/:qrToken","requestId":"ba9dcbe4-43c9-48b3-a1f7-5aa73fec2ed9","status":200,"totalMs":28.2,"dbMs":27.9,"renderMs":28.2}
{"timestamp":"2026-09-30T15:25:24.673Z","level":"info","event":"request_completed","route":"/q/:qrToken","requestId":"05f1370e-95ba-49a4-8eef-9516fd951ee4","status":200,"totalMs":26.6,"dbMs":26.4,"renderMs":26.6}
{"timestamp":"2026-09-30T15:25:26.709Z","level":"info","event":"request_completed","route":"/staff/:stallSlug","requestId":"ddb557c3-c283-4416-9b4b-45038b942dde","status":200,"totalMs":115.9,"dbQueryCount":17,"dbMs":115.6,"authMs":27.2}
{"timestamp":"2026-09-30T15:25:28.011Z","level":"info","event":"request_completed","route":"/staff/:stallSlug","requestId":"7387a3aa-5347-48ae-9135-0f78958e881d","status":200,"totalMs":73.5,"dbQueryCount":17,"dbMs":73.3,"authMs":17.9}
{"timestamp":"2026-09-30T15:25:29.375Z","level":"info","event":"request_completed","route":"/staff/:stallSlug","requestId":"4df378a4-f792-4a2a-a590-d54855e19ce7","status":200,"totalMs":63.7,"dbQueryCount":17,"dbMs":63.5,"authMs":13.2}
{"timestamp":"2026-09-30T15:25:30.876Z","level":"info","event":"request_completed","route":"/staff/:stallSlug","requestId":"1d6c0c40-9088-4a7e-b17a-15ba4514cafd","status":200,"totalMs":68.2,"dbQueryCount":17,"dbMs":67.9,"authMs":14.6}
{"timestamp":"2026-09-30T15:25:32.454Z","level":"info","event":"request_completed","route":"/staff/:stallSlug","requestId":"dabb3bf7-b744-4d01-b0fd-9830d4bbb52f","status":200,"totalMs":97.9,"dbQueryCount":17,"dbMs":97.7,"authMs":13.8}
{"timestamp":"2026-09-30T15:25:34.003Z","level":"info","event":"request_completed","route":"/kitchen","requestId":"9dfd6769-b15c-48db-a57e-97872791a8ee","status":200,"totalMs":82.8,"dbQueryCount":9,"dbMs":82.5,"authMs":32.3}
{"timestamp":"2026-09-30T15:25:34.263Z","level":"info","event":"request_completed","route":"/api/stalls/:stallSlug/kitchen/board","requestId":"80782608-3781-4c0d-bcb7-b9acea731f82","status":200,"totalMs":71.3,"dbQueryCount":9,"dbMs":69.9,"authMs":25.3}
{"timestamp":"2026-09-30T15:25:34.336Z","level":"info","event":"request_completed","route":"/api/stalls/:stallSlug/kitchen/board","requestId":"70a4f11a-6b16-4248-84c2-925478940df2","status":200,"totalMs":67.2,"dbQueryCount":9,"dbMs":66.1,"authMs":20.3}
{"timestamp":"2026-09-30T15:25:34.915Z","level":"info","event":"request_completed","route":"/kitchen","requestId":"bf93633c-3749-423a-afbe-2d311337f05a","status":200,"totalMs":84.6,"dbQueryCount":9,"dbMs":84.4,"authMs":25.7}
{"timestamp":"2026-09-30T15:25:35.177Z","level":"info","event":"request_completed","route":"/api/stalls/:stallSlug/kitchen/board","requestId":"4df21b9c-16ab-44aa-922d-01da95a96213","status":200,"totalMs":62.5,"dbQueryCount":9,"dbMs":61.6,"authMs":24.1}
{"timestamp":"2026-09-30T15:25:35.248Z","level":"info","event":"request_completed","route":"/api/stalls/:stallSlug/kitchen/board","requestId":"b3c19ca2-3fd5-46e4-a167-a880071273a6","status":200,"totalMs":66,"dbQueryCount":9,"dbMs":64.5,"authMs":20.8}
{"timestamp":"2026-09-30T15:25:35.828Z","level":"info","event":"request_completed","route":"/kitchen","requestId":"47873b45-fac1-4edc-a3bd-6eee54eb6c30","status":200,"totalMs":74.5,"dbQueryCount":9,"dbMs":74.3,"authMs":24.8}
{"timestamp":"2026-09-30T15:25:36.240Z","level":"info","event":"request_completed","route":"/api/stalls/:stallSlug/kitchen/board","requestId":"e7ec9485-ced5-480e-bc9c-f579a3b43f39","status":200,"totalMs":130.3,"dbQueryCount":9,"dbMs":128.1,"authMs":34.8}
{"timestamp":"2026-09-30T15:25:36.359Z","level":"info","event":"request_completed","route":"/api/stalls/:stallSlug/kitchen/board","requestId":"39dfe753-411a-4c42-ad54-26bed96d351e","status":200,"totalMs":110.3,"dbQueryCount":9,"dbMs":108.7,"authMs":28.7}
{"timestamp":"2026-09-30T15:25:36.847Z","level":"info","event":"request_completed","route":"/kitchen","requestId":"92b62a96-ed8f-4e3c-8f99-5740107d4792","status":200,"totalMs":84.2,"dbQueryCount":9,"dbMs":84,"authMs":24.2}
{"timestamp":"2026-09-30T15:25:37.115Z","level":"info","event":"request_completed","route":"/api/stalls/:stallSlug/kitchen/board","requestId":"c2bc42bd-87f6-4ead-9296-7e154de535de","status":200,"totalMs":70.6,"dbQueryCount":9,"dbMs":69,"authMs":23.6}
{"timestamp":"2026-09-30T15:25:37.183Z","level":"info","event":"request_completed","route":"/api/stalls/:stallSlug/kitchen/board","requestId":"81ec83d9-6847-48fe-8f04-62ebdf335497","status":200,"totalMs":61.8,"dbQueryCount":9,"dbMs":60.8,"authMs":24.2}
{"timestamp":"2026-09-30T15:25:37.739Z","level":"info","event":"request_completed","route":"/kitchen","requestId":"ef1dae66-4663-4a70-9e51-7a895e03966e","status":200,"totalMs":74.8,"dbQueryCount":9,"dbMs":74.3,"authMs":27.5}
{"timestamp":"2026-09-30T15:25:38.028Z","level":"info","event":"request_completed","route":"/api/stalls/:stallSlug/kitchen/board","requestId":"cb8e6742-3778-4891-b088-056d0c1e6d05","status":200,"totalMs":77.5,"dbQueryCount":9,"dbMs":75.9,"authMs":29.1}
{"timestamp":"2026-09-30T15:25:38.091Z","level":"info","event":"request_completed","route":"/api/stalls/:stallSlug/kitchen/board","requestId":"cdb7f548-a722-4e03-8658-0c1cf0dd7dd5","status":200,"totalMs":57.6,"dbQueryCount":9,"dbMs":56.5,"authMs":19.8}
{"timestamp":"2026-09-30T15:25:38.700Z","level":"info","event":"DATABASE_READ_ROUTED","operation":"cancellation_reason_report","policy":"DR_PREFERRED_EVENTUAL","target":"PRIMARY","reason":"FEATURE_DISABLED"}
{"timestamp":"2026-09-30T15:25:38.701Z","level":"info","event":"DATABASE_READ_ROUTED","operation":"hourly_sales_report","policy":"DR_PREFERRED_EVENTUAL","target":"PRIMARY","reason":"FEATURE_DISABLED"}
{"timestamp":"2026-09-30T15:25:38.707Z","level":"info","event":"request_completed","route":"/merchant/reports/overview","requestId":"f8d4b3d3-a399-4486-9c1f-647bc45c4d88","status":200,"totalMs":45.9,"dbQueryCount":9,"dbMs":45.6,"authMs":24.3}
{"timestamp":"2026-09-30T15:25:39.690Z","level":"info","event":"DATABASE_READ_ROUTED","operation":"cancellation_reason_report","policy":"DR_PREFERRED_EVENTUAL","target":"PRIMARY","reason":"FEATURE_DISABLED"}
{"timestamp":"2026-09-30T15:25:39.692Z","level":"info","event":"DATABASE_READ_ROUTED","operation":"hourly_sales_report","policy":"DR_PREFERRED_EVENTUAL","target":"PRIMARY","reason":"FEATURE_DISABLED"}
{"timestamp":"2026-09-30T15:25:39.700Z","level":"info","event":"request_completed","route":"/merchant/reports/overview","requestId":"f1fddd27-943f-4193-9b82-2fbf832eacd7","status":200,"totalMs":49.6,"dbQueryCount":9,"dbMs":49.4,"authMs":24.8}
{"timestamp":"2026-09-30T15:25:40.668Z","level":"info","event":"DATABASE_READ_ROUTED","operation":"hourly_sales_report","policy":"DR_PREFERRED_EVENTUAL","target":"PRIMARY","reason":"FEATURE_DISABLED"}
{"timestamp":"2026-09-30T15:25:40.668Z","level":"info","event":"DATABASE_READ_ROUTED","operation":"cancellation_reason_report","policy":"DR_PREFERRED_EVENTUAL","target":"PRIMARY","reason":"FEATURE_DISABLED"}
{"timestamp":"2026-09-30T15:25:40.674Z","level":"info","event":"request_completed","route":"/merchant/reports/overview","requestId":"deb550e5-24b8-4cd0-a503-4075e97c05a8","status":200,"totalMs":33.9,"dbQueryCount":9,"dbMs":33.7,"authMs":15}
{"timestamp":"2026-09-30T15:25:41.650Z","level":"info","event":"DATABASE_READ_ROUTED","operation":"cancellation_reason_report","policy":"DR_PREFERRED_EVENTUAL","target":"PRIMARY","reason":"FEATURE_DISABLED"}
{"timestamp":"2026-09-30T15:25:41.650Z","level":"info","event":"DATABASE_READ_ROUTED","operation":"hourly_sales_report","policy":"DR_PREFERRED_EVENTUAL","target":"PRIMARY","reason":"FEATURE_DISABLED"}
{"timestamp":"2026-09-30T15:25:41.654Z","level":"info","event":"request_completed","route":"/merchant/reports/overview","requestId":"4e5c5f67-25b5-41b9-b724-37123c80a8eb","status":200,"totalMs":39,"dbQueryCount":9,"dbMs":38.1,"authMs":21.1}
{"timestamp":"2026-09-30T15:25:42.603Z","level":"info","event":"DATABASE_READ_ROUTED","operation":"hourly_sales_report","policy":"DR_PREFERRED_EVENTUAL","target":"PRIMARY","reason":"FEATURE_DISABLED"}
{"timestamp":"2026-09-30T15:25:42.603Z","level":"info","event":"DATABASE_READ_ROUTED","operation":"cancellation_reason_report","policy":"DR_PREFERRED_EVENTUAL","target":"PRIMARY","reason":"FEATURE_DISABLED"}
{"timestamp":"2026-09-30T15:25:42.607Z","level":"info","event":"request_completed","route":"/merchant/reports/overview","requestId":"18a4a1f4-bc8a-441c-8501-f2495e5ed1d0","status":200,"totalMs":34.3,"dbQueryCount":9,"dbMs":34.1,"authMs":15.9}
