▲ Next.js 16.3.4
- Local:         http://127.0.0.1:3026
- Network:       http://127.0.0.1:3026
✓ Ready in 250ms
✓ Running next.config.ts took 53ms
{"timestamp":"2026-09-30T14:02:28.186Z","level":"info","event":"LOGIN_SUCCESS","requestId":"8f29a604-9422-45c2-a016-a99485d25ab4","outcome":"SUCCESS","stallId":"22222222-2222-4222-8222-222222222222","actorProfileId":"55555555-5555-4555-8555-555555555552"}
{"timestamp":"2026-09-30T14:02:28.186Z","level":"info","event":"request_completed","route":"/api/auth/login","requestId":"8f29a604-9422-45c2-a016-a99485d25ab4","status":200,"totalMs":340.6,"dbQueryCount":10,"dbMs":138,"authMs":241.4,"sessionMs":28.2}
{"timestamp":"2026-09-30T14:02:28.393Z","level":"info","event":"request_completed","route":"/staff/:stallSlug","requestId":"30819d70-c220-4877-9bb1-dffb3c5ff04e","status":200,"totalMs":150,"dbQueryCount":17,"dbMs":149.3,"authMs":52.6}
{"timestamp":"2026-09-30T14:02:29.365Z","level":"info","event":"LOGIN_SUCCESS","requestId":"b9afd15a-73f1-452f-9545-f4dd400dfe0e","outcome":"SUCCESS","stallId":"22222222-2222-4222-8222-222222222222","actorProfileId":"55555555-5555-4555-8555-555555555553"}
{"timestamp":"2026-09-30T14:02:29.365Z","level":"info","event":"request_completed","route":"/api/auth/login","requestId":"b9afd15a-73f1-452f-9545-f4dd400dfe0e","status":200,"totalMs":277.5,"dbQueryCount":10,"dbMs":57.6,"authMs":235.1,"sessionMs":20.7}
{"timestamp":"2026-09-30T14:02:29.748Z","level":"info","event":"request_completed","route":"/kitchen","requestId":"1e5530f8-8ce5-421f-a47d-efe312976edb","status":200,"totalMs":347,"dbQueryCount":9,"dbMs":346.7,"authMs":41}
{"timestamp":"2026-09-30T14:02:30.561Z","level":"info","event":"LOGIN_SUCCESS","requestId":"f2c15c72-15bf-4e3b-9d3e-dac6a208e7b8","outcome":"SUCCESS","actorProfileId":"55555555-5555-4555-8555-555555555551"}
{"timestamp":"2026-09-30T14:02:30.561Z","level":"info","event":"request_completed","route":"/api/auth/login","requestId":"f2c15c72-15bf-4e3b-9d3e-dac6a208e7b8","status":200,"totalMs":285.9,"dbQueryCount":10,"dbMs":49.5,"authMs":249.4,"sessionMs":10.3}
{"timestamp":"2026-09-30T14:02:30.658Z","level":"info","event":"request_completed","route":"/merchant/dashboard","requestId":"b0f8aab5-c1dc-4a40-ad15-c01c9b4ad4c9","status":200,"totalMs":54.9,"dbQueryCount":7,"dbMs":53.8,"authMs":35.4}
{"timestamp":"2026-09-30T14:02:30.934Z","level":"info","event":"request_completed","route":"/q/:qrToken","requestId":"87c3f3cf-e938-4510-9d8e-44e0465e5666","status":200,"totalMs":84.6,"dbMs":84.2,"renderMs":84.6}
{"timestamp":"2026-09-30T14:02:32.862Z","level":"info","event":"request_completed","route":"/q/:qrToken","requestId":"8abba821-dad9-4f54-beae-8d983739ada9","status":200,"totalMs":30,"dbMs":29.7,"renderMs":30}
{"timestamp":"2026-09-30T14:02:34.150Z","level":"info","event":"request_completed","route":"/q/:qrToken","requestId":"1e04e0e8-a160-49c6-8bcf-2ade2c7ddc92","status":200,"totalMs":28.1,"dbMs":27.8,"renderMs":28.1}
{"timestamp":"2026-09-30T14:02:34.624Z","level":"info","event":"request_completed","route":"/staff/:stallSlug","requestId":"fb7c8929-dd7d-4b52-9214-a74f1b53a95e","status":200,"totalMs":92,"dbQueryCount":17,"dbMs":91.6,"authMs":21}
{"timestamp":"2026-09-30T14:03:59.065Z","level":"info","event":"LOGIN_SUCCESS","requestId":"b51eb881-04cd-47c7-bd6f-465402b39ec3","outcome":"SUCCESS","stallId":"22222222-2222-4222-8222-222222222222","actorProfileId":"55555555-5555-4555-8555-555555555552"}
{"timestamp":"2026-09-30T14:03:59.066Z","level":"info","event":"request_completed","route":"/api/auth/login","requestId":"b51eb881-04cd-47c7-bd6f-465402b39ec3","status":200,"totalMs":273.5,"dbQueryCount":10,"dbMs":54.8,"authMs":236.4,"sessionMs":14.6}
{"timestamp":"2026-09-30T14:03:59.225Z","level":"info","event":"request_completed","route":"/staff/:stallSlug","requestId":"b210e513-da40-44c1-a122-d9ebe4c27e7f","status":200,"totalMs":138.3,"dbQueryCount":17,"dbMs":138,"authMs":40.6}
{"timestamp":"2026-09-30T14:04:00.219Z","level":"info","event":"LOGIN_SUCCESS","requestId":"ad579057-492e-4f20-ad48-f0b6c35c545b","outcome":"SUCCESS","stallId":"22222222-2222-4222-8222-222222222222","actorProfileId":"55555555-5555-4555-8555-555555555553"}
{"timestamp":"2026-09-30T14:04:00.219Z","level":"info","event":"request_completed","route":"/api/auth/login","requestId":"ad579057-492e-4f20-ad48-f0b6c35c545b","status":200,"totalMs":282.3,"dbQueryCount":10,"dbMs":36.6,"authMs":257,"sessionMs":11}
{"timestamp":"2026-09-30T14:04:00.325Z","level":"info","event":"request_completed","route":"/kitchen","requestId":"93e11dac-f73b-4f19-8e36-098c442ba0b1","status":200,"totalMs":90.3,"dbQueryCount":9,"dbMs":90,"authMs":41.7}
{"timestamp":"2026-09-30T14:04:01.094Z","level":"info","event":"LOGIN_SUCCESS","requestId":"edc69e8f-3168-4dd5-a793-1a3b9d8ce803","outcome":"SUCCESS","actorProfileId":"55555555-5555-4555-8555-555555555551"}
{"timestamp":"2026-09-30T14:04:01.094Z","level":"info","event":"request_completed","route":"/api/auth/login","requestId":"edc69e8f-3168-4dd5-a793-1a3b9d8ce803","status":200,"totalMs":268.4,"dbQueryCount":10,"dbMs":41.5,"authMs":237.5,"sessionMs":9.4}
{"timestamp":"2026-09-30T14:04:01.166Z","level":"info","event":"request_completed","route":"/merchant/dashboard","requestId":"a8863b66-6ec0-4457-b109-2a7da782e603","status":200,"totalMs":51.3,"dbQueryCount":7,"dbMs":50.3,"authMs":33.1}
{"timestamp":"2026-09-30T14:04:01.388Z","level":"info","event":"request_completed","route":"/q/:qrToken","requestId":"503d6fba-9d33-482d-b9f9-832ab9d8d661","status":200,"totalMs":37,"dbMs":36.7,"renderMs":37}
{"timestamp":"2026-09-30T14:04:02.208Z","level":"info","event":"request_completed","route":"/q/:qrToken","requestId":"521a4ed5-eeda-441c-8548-68fc3ef5c894","status":200,"totalMs":33.7,"dbMs":33.3,"renderMs":33.7}
{"timestamp":"2026-09-30T14:04:03.601Z","level":"info","event":"request_completed","route":"/q/:qrToken","requestId":"8a68e8a5-40dc-48a3-8993-f658fcb260b2","status":200,"totalMs":53.5,"dbMs":52.9,"renderMs":53.5}
{"timestamp":"2026-09-30T14:04:04.280Z","level":"info","event":"request_completed","route":"/staff/:stallSlug","requestId":"d538cc90-959f-4afa-a14f-d86ac6812cae","status":200,"totalMs":103.6,"dbQueryCount":17,"dbMs":103.2,"authMs":25.5}
{"timestamp":"2026-09-30T14:05:06.551Z","level":"info","event":"LOGIN_SUCCESS","requestId":"3641c154-e9fc-43e3-9370-d71cb3819f03","outcome":"SUCCESS","stallId":"22222222-2222-4222-8222-222222222222","actorProfileId":"55555555-5555-4555-8555-555555555552"}
{"timestamp":"2026-09-30T14:05:06.551Z","level":"info","event":"request_completed","route":"/api/auth/login","requestId":"3641c154-e9fc-43e3-9370-d71cb3819f03","status":200,"totalMs":267.5,"dbQueryCount":10,"dbMs":54,"authMs":227.8,"sessionMs":14.2}
{"timestamp":"2026-09-30T14:05:06.641Z","level":"info","event":"request_completed","route":"/staff/:stallSlug","requestId":"b99ae8a2-df1a-4dbc-a947-cfbaa5898586","status":200,"totalMs":72.8,"dbQueryCount":17,"dbMs":72.5,"authMs":22.6}
{"timestamp":"2026-09-30T14:05:07.556Z","level":"info","event":"LOGIN_SUCCESS","requestId":"d0ebcd60-dfd2-4c95-84a5-39c1f2959fde","outcome":"SUCCESS","stallId":"22222222-2222-4222-8222-222222222222","actorProfileId":"55555555-5555-4555-8555-555555555553"}
{"timestamp":"2026-09-30T14:05:07.556Z","level":"info","event":"request_completed","route":"/api/auth/login","requestId":"d0ebcd60-dfd2-4c95-84a5-39c1f2959fde","status":200,"totalMs":286.3,"dbQueryCount":10,"dbMs":52.7,"authMs":251,"sessionMs":14.3}
{"timestamp":"2026-09-30T14:05:07.705Z","level":"info","event":"request_completed","route":"/kitchen","requestId":"9db5c74d-2772-4d5f-b432-4fcdbd73d8df","status":200,"totalMs":122.3,"dbQueryCount":9,"dbMs":122,"authMs":44.6}
{"timestamp":"2026-09-30T14:05:08.485Z","level":"info","event":"LOGIN_SUCCESS","requestId":"fe668937-45e9-4edb-88f4-178d28ca3e3e","outcome":"SUCCESS","actorProfileId":"55555555-5555-4555-8555-555555555551"}
{"timestamp":"2026-09-30T14:05:08.485Z","level":"info","event":"request_completed","route":"/api/auth/login","requestId":"fe668937-45e9-4edb-88f4-178d28ca3e3e","status":200,"totalMs":269.7,"dbQueryCount":10,"dbMs":37,"authMs":244,"sessionMs":12}
{"timestamp":"2026-09-30T14:05:08.543Z","level":"info","event":"request_completed","route":"/merchant/dashboard","requestId":"4c4530f6-f8ad-4bce-935b-1f388adbacf0","status":200,"totalMs":41.8,"dbQueryCount":7,"dbMs":41.1,"authMs":30.8}
{"timestamp":"2026-09-30T14:05:08.743Z","level":"info","event":"request_completed","route":"/q/:qrToken","requestId":"c7719a10-c248-449c-8408-950794e63fcf","status":200,"totalMs":39.5,"dbMs":39.2,"renderMs":39.5}
{"timestamp":"2026-09-30T14:05:10.176Z","level":"info","event":"request_completed","route":"/q/:qrToken","requestId":"a58a3504-4e26-48b0-8264-33344428a0df","status":200,"totalMs":32.4,"dbMs":32.1,"renderMs":32.4}
{"timestamp":"2026-09-30T14:05:11.512Z","level":"info","event":"request_completed","route":"/q/:qrToken","requestId":"ebf9718c-d980-4109-aa0a-72a7399db43c","status":200,"totalMs":30.2,"dbMs":29.8,"renderMs":30.2}
{"timestamp":"2026-09-30T14:05:12.234Z","level":"info","event":"request_completed","route":"/staff/:stallSlug","requestId":"cd2b462f-c2ae-4b42-8522-c3a6d9dd35ee","status":200,"totalMs":130.3,"dbQueryCount":17,"dbMs":130,"authMs":23.8}
{"timestamp":"2026-09-30T14:06:59.808Z","level":"info","event":"LOGIN_SUCCESS","requestId":"25d56fc7-684f-4e71-8136-81f04d9b4d62","outcome":"SUCCESS","stallId":"22222222-2222-4222-8222-222222222222","actorProfileId":"55555555-5555-4555-8555-555555555552"}
{"timestamp":"2026-09-30T14:06:59.808Z","level":"info","event":"request_completed","route":"/api/auth/login","requestId":"25d56fc7-684f-4e71-8136-81f04d9b4d62","status":200,"totalMs":278.5,"dbQueryCount":10,"dbMs":52.2,"authMs":243.8,"sessionMs":13.1}
{"timestamp":"2026-09-30T14:06:59.994Z","level":"info","event":"request_completed","route":"/staff/:stallSlug","requestId":"8d0f16a9-ae55-41d2-8cd5-91ff819c1790","status":200,"totalMs":163.4,"dbQueryCount":17,"dbMs":162.9,"authMs":39}
{"timestamp":"2026-09-30T14:07:01.155Z","level":"info","event":"LOGIN_SUCCESS","requestId":"04a09f02-58a5-4ac1-8ff8-9fb9bfa70240","outcome":"SUCCESS","stallId":"22222222-2222-4222-8222-222222222222","actorProfileId":"55555555-5555-4555-8555-555555555553"}
{"timestamp":"2026-09-30T14:07:01.155Z","level":"info","event":"request_completed","route":"/api/auth/login","requestId":"04a09f02-58a5-4ac1-8ff8-9fb9bfa70240","status":200,"totalMs":304.6,"dbQueryCount":10,"dbMs":57.1,"authMs":258.7,"sessionMs":9.9}
{"timestamp":"2026-09-30T14:07:01.280Z","level":"info","event":"request_completed","route":"/kitchen","requestId":"6c307595-d807-4bcc-8fe8-ffe63fe5cb01","status":200,"totalMs":100.6,"dbQueryCount":9,"dbMs":100.5,"authMs":48.7}
{"timestamp":"2026-09-30T14:07:02.552Z","level":"info","event":"LOGIN_SUCCESS","requestId":"7969f074-2936-446c-8863-8cb502de9cf3","outcome":"SUCCESS","actorProfileId":"55555555-5555-4555-8555-555555555551"}
{"timestamp":"2026-09-30T14:07:02.552Z","level":"info","event":"request_completed","route":"/api/auth/login","requestId":"7969f074-2936-446c-8863-8cb502de9cf3","status":200,"totalMs":291.8,"dbQueryCount":10,"dbMs":47.3,"authMs":256.1,"sessionMs":14.2}
{"timestamp":"2026-09-30T14:07:02.613Z","level":"info","event":"request_completed","route":"/merchant/dashboard","requestId":"b49a007b-de93-40bd-a5c3-dee13ed77dae","status":200,"totalMs":41.1,"dbQueryCount":7,"dbMs":40.2,"authMs":25.2}
{"timestamp":"2026-09-30T14:07:02.814Z","level":"info","event":"request_completed","route":"/q/:qrToken","requestId":"4636cebf-5b1e-4ba7-b6d7-24013fb501b9","status":200,"totalMs":34,"dbMs":33.8,"renderMs":34}
{"timestamp":"2026-09-30T14:07:04.203Z","level":"info","event":"request_completed","route":"/q/:qrToken","requestId":"5fdd2ae2-e8ef-41a8-97d2-b0a65d500789","status":200,"totalMs":26.7,"dbMs":26.4,"renderMs":26.7}
{"timestamp":"2026-09-30T14:07:05.546Z","level":"info","event":"request_completed","route":"/q/:qrToken","requestId":"86d63504-f474-4994-96b0-eb493ccc5022","status":200,"totalMs":29.9,"dbMs":29.4,"renderMs":29.9}
{"timestamp":"2026-09-30T14:07:05.983Z","level":"info","event":"request_completed","route":"/staff/:stallSlug","requestId":"df10d74d-1a3e-4efb-9074-617c7a5c00b9","status":200,"totalMs":91.6,"dbQueryCount":17,"dbMs":91.3,"authMs":18.6}
{"timestamp":"2026-09-30T14:07:06.982Z","level":"info","event":"request_completed","route":"/staff/:stallSlug","requestId":"aa504f34-a453-49b7-af80-4129ce0b61aa","status":200,"totalMs":94.2,"dbQueryCount":17,"dbMs":93.9,"authMs":12.6}
{"timestamp":"2026-09-30T14:07:08.121Z","level":"info","event":"request_completed","route":"/staff/:stallSlug","requestId":"861308d5-068c-4b36-b4a9-c7b69b670eab","status":200,"totalMs":80,"dbQueryCount":17,"dbMs":79.7,"authMs":20}
{"timestamp":"2026-09-30T14:07:08.977Z","level":"info","event":"request_completed","route":"/kitchen","requestId":"54dd9d43-57ff-4eb8-a875-a3aa6e31f201","status":200,"totalMs":82.8,"dbQueryCount":9,"dbMs":82.6,"authMs":34.9}
{"timestamp":"2026-09-30T14:07:09.370Z","level":"info","event":"request_completed","route":"/kitchen","requestId":"e7f313d0-2f77-4525-8a9b-7ba4bd448461","status":200,"totalMs":71.7,"dbQueryCount":9,"dbMs":71.5,"authMs":25.2}
{"timestamp":"2026-09-30T14:07:09.721Z","level":"info","event":"request_completed","route":"/kitchen","requestId":"b0f661ad-b67c-466d-b122-21701759e894","status":200,"totalMs":115.9,"dbQueryCount":9,"dbMs":115.7,"authMs":59.8}
{"timestamp":"2026-09-30T14:07:22.015Z","level":"info","event":"request_completed","route":"/api/stalls/:stallSlug/kitchen/board","requestId":"569701c4-f1dc-4cae-99c9-ed78ea8797e1","status":200,"totalMs":72.1,"dbQueryCount":9,"dbMs":70.4,"authMs":23.3}
{"timestamp":"2026-09-30T14:07:33.989Z","level":"info","event":"request_completed","route":"/api/stalls/:stallSlug/kitchen/board","requestId":"6073b95e-f514-4669-99c1-92b8bad1cf7e","status":200,"totalMs":75.4,"dbQueryCount":9,"dbMs":74.2,"authMs":20.7}
{"timestamp":"2026-09-30T14:07:46.008Z","level":"info","event":"request_completed","route":"/api/stalls/:stallSlug/kitchen/board","requestId":"9d094b5d-ba8c-443c-938c-df303f4b8232","status":200,"totalMs":77.3,"dbQueryCount":9,"dbMs":76.3,"authMs":31.8}
{"timestamp":"2026-09-30T14:07:58.015Z","level":"info","event":"request_completed","route":"/api/stalls/:stallSlug/kitchen/board","requestId":"c00c09d3-f35c-4d20-a6d5-4a96f1af3fca","status":200,"totalMs":98.8,"dbQueryCount":9,"dbMs":97.6,"authMs":42.7}
{"timestamp":"2026-09-30T14:08:10.032Z","level":"info","event":"request_completed","route":"/api/stalls/:stallSlug/kitchen/board","requestId":"6b47c9f3-b17a-4037-ac41-6bb19f7c9035","status":200,"totalMs":108.4,"dbQueryCount":9,"dbMs":107.2,"authMs":37}
{"timestamp":"2026-09-30T14:08:22.010Z","level":"info","event":"request_completed","route":"/api/stalls/:stallSlug/kitchen/board","requestId":"24426a5d-5a17-467d-8274-42dc931f4a8f","status":200,"totalMs":90.5,"dbQueryCount":9,"dbMs":89.2,"authMs":39.4}
{"timestamp":"2026-09-30T14:08:34.002Z","level":"info","event":"request_completed","route":"/api/stalls/:stallSlug/kitchen/board","requestId":"6ed178e8-c36c-436d-ad5b-004e96bb17a2","status":200,"totalMs":78.2,"dbQueryCount":9,"dbMs":76.9,"authMs":30}
{"timestamp":"2026-09-30T14:08:45.988Z","level":"info","event":"request_completed","route":"/api/stalls/:stallSlug/kitchen/board","requestId":"3859a2d0-7e7e-4e3d-80aa-76d86d6c3a68","status":200,"totalMs":72.5,"dbQueryCount":9,"dbMs":71.4,"authMs":24.9}
{"timestamp":"2026-09-30T14:08:57.993Z","level":"info","event":"request_completed","route":"/api/stalls/:stallSlug/kitchen/board","requestId":"f11a94e5-c4ce-4898-a120-6d0175116963","status":200,"totalMs":75.9,"dbQueryCount":9,"dbMs":74.8,"authMs":23}
{"timestamp":"2026-09-30T14:09:10.004Z","level":"info","event":"request_completed","route":"/api/stalls/:stallSlug/kitchen/board","requestId":"c7f6003c-a3e8-4eb9-b28b-0915658676b9","status":200,"totalMs":91.6,"dbQueryCount":9,"dbMs":89.9,"authMs":27.5}
{"timestamp":"2026-09-30T14:09:22.003Z","level":"info","event":"request_completed","route":"/api/stalls/:stallSlug/kitchen/board","requestId":"20ee15e9-6cbb-49dd-a3d3-648989fd0f1c","status":200,"totalMs":87.4,"dbQueryCount":9,"dbMs":85.8,"authMs":25.2}
{"timestamp":"2026-09-30T14:09:34.018Z","level":"info","event":"request_completed","route":"/api/stalls/:stallSlug/kitchen/board","requestId":"3b5a64bb-5c1e-4f6c-a205-a0cf5cef807e","status":200,"totalMs":106.8,"dbQueryCount":9,"dbMs":105.7,"authMs":53.9}
{"timestamp":"2026-09-30T14:09:45.997Z","level":"info","event":"request_completed","route":"/api/stalls/:stallSlug/kitchen/board","requestId":"69c2066d-c3db-4f60-89a3-2c5ffee206e1","status":200,"totalMs":80.7,"dbQueryCount":9,"dbMs":79.7,"authMs":28.1}
{"timestamp":"2026-09-30T14:09:57.991Z","level":"info","event":"request_completed","route":"/api/stalls/:stallSlug/kitchen/board","requestId":"31994f0a-d20c-4a27-b412-f73d86d6053d","status":200,"totalMs":77.9,"dbQueryCount":9,"dbMs":76.9,"authMs":23.2}
{"timestamp":"2026-09-30T14:10:10.009Z","level":"info","event":"request_completed","route":"/api/stalls/:stallSlug/kitchen/board","requestId":"bad670b3-f6a8-4360-b89e-1ccbf9f565f9","status":200,"totalMs":93.7,"dbQueryCount":9,"dbMs":92.1,"authMs":21.9}
{"timestamp":"2026-09-30T14:10:22.032Z","level":"info","event":"request_completed","route":"/api/stalls/:stallSlug/kitchen/board","requestId":"231aa662-13f3-4c0b-896f-d9941c461e11","status":200,"totalMs":120.7,"dbQueryCount":9,"dbMs":119.7,"authMs":60.9}
{"timestamp":"2026-09-30T14:10:34.075Z","level":"info","event":"request_completed","route":"/api/stalls/:stallSlug/kitchen/board","requestId":"bc92ade1-98c2-4347-a0f2-7dcb8665421d","status":200,"totalMs":160.4,"dbQueryCount":9,"dbMs":158.6,"authMs":52.9}
{"timestamp":"2026-09-30T14:10:45.990Z","level":"info","event":"request_completed","route":"/api/stalls/:stallSlug/kitchen/board","requestId":"0226d8d9-dd6b-4196-8ddb-d3bfd516a1c9","status":200,"totalMs":75.3,"dbQueryCount":9,"dbMs":74.2,"authMs":31.6}
{"timestamp":"2026-09-30T14:10:58.037Z","level":"info","event":"request_completed","route":"/api/stalls/:stallSlug/kitchen/board","requestId":"6729ab80-535f-4bdf-8d54-9162c588e6f9","status":200,"totalMs":122.1,"dbQueryCount":9,"dbMs":120.9,"authMs":48.5}
{"timestamp":"2026-09-30T14:11:09.984Z","level":"info","event":"request_completed","route":"/api/stalls/:stallSlug/kitchen/board","requestId":"1437fc67-4721-4789-8a0e-062e1fa08a78","status":200,"totalMs":71.6,"dbQueryCount":9,"dbMs":70.2,"authMs":22.4}
{"timestamp":"2026-09-30T14:11:21.989Z","level":"info","event":"request_completed","route":"/api/stalls/:stallSlug/kitchen/board","requestId":"1d7e26e6-afa8-4b83-a398-3e09aa52ede1","status":200,"totalMs":70.3,"dbQueryCount":9,"dbMs":69.3,"authMs":25.2}
{"timestamp":"2026-09-30T14:11:34.016Z","level":"info","event":"request_completed","route":"/api/stalls/:stallSlug/kitchen/board","requestId":"672e2a44-1c96-4fb1-8220-aaa131aa2027","status":200,"totalMs":91.4,"dbQueryCount":9,"dbMs":90.3,"authMs":29.9}
{"timestamp":"2026-09-30T14:11:46.014Z","level":"info","event":"request_completed","route":"/api/stalls/:stallSlug/kitchen/board","requestId":"d78ae996-d871-4c2c-8217-2e4ce49ae065","status":200,"totalMs":101,"dbQueryCount":9,"dbMs":100,"authMs":50.4}
{"timestamp":"2026-09-30T14:11:58.020Z","level":"info","event":"request_completed","route":"/api/stalls/:stallSlug/kitchen/board","requestId":"dc695a10-2146-403f-a0b4-6c8a82fa58e0","status":200,"totalMs":109.3,"dbQueryCount":9,"dbMs":107.4,"authMs":40.2}
{"timestamp":"2026-09-30T14:12:09.988Z","level":"info","event":"request_completed","route":"/api/stalls/:stallSlug/kitchen/board","requestId":"08c9c6ff-3544-42f9-8f8d-97103153c9ed","status":200,"totalMs":74.8,"dbQueryCount":9,"dbMs":73.8,"authMs":29.3}
{"timestamp":"2026-09-30T14:12:11.183Z","level":"info","event":"request_completed","route":"/kitchen","requestId":"0fa64fb2-f529-4e5b-a5c2-3e51fde1c910","status":200,"totalMs":149.9,"dbQueryCount":9,"dbMs":149.7,"authMs":92.2}
{"timestamp":"2026-09-30T14:12:11.729Z","level":"info","event":"DATABASE_READ_ROUTED","operation":"cancellation_reason_report","policy":"DR_PREFERRED_EVENTUAL","target":"PRIMARY","reason":"FEATURE_DISABLED"}
{"timestamp":"2026-09-30T14:12:11.729Z","level":"info","event":"DATABASE_READ_ROUTED","operation":"hourly_sales_report","policy":"DR_PREFERRED_EVENTUAL","target":"PRIMARY","reason":"FEATURE_DISABLED"}
{"timestamp":"2026-09-30T14:12:11.737Z","level":"info","event":"request_completed","route":"/merchant/reports/overview","requestId":"e04d8fe7-206e-4baf-a16f-a6e6df6d90ef","status":200,"totalMs":67.7,"dbQueryCount":9,"dbMs":66.8,"authMs":27.4}
{"timestamp":"2026-09-30T14:12:12.275Z","level":"info","event":"DATABASE_READ_ROUTED","operation":"hourly_sales_report","policy":"DR_PREFERRED_EVENTUAL","target":"PRIMARY","reason":"FEATURE_DISABLED"}
{"timestamp":"2026-09-30T14:12:12.275Z","level":"info","event":"DATABASE_READ_ROUTED","operation":"cancellation_reason_report","policy":"DR_PREFERRED_EVENTUAL","target":"PRIMARY","reason":"FEATURE_DISABLED"}
{"timestamp":"2026-09-30T14:12:12.283Z","level":"info","event":"request_completed","route":"/merchant/reports/overview","requestId":"03fb0bbd-2dd9-413c-95eb-e1edac8cbd9c","status":200,"totalMs":51.4,"dbQueryCount":9,"dbMs":51.2,"authMs":22.4}
{"timestamp":"2026-09-30T14:12:12.632Z","level":"info","event":"DATABASE_READ_ROUTED","operation":"cancellation_reason_report","policy":"DR_PREFERRED_EVENTUAL","target":"PRIMARY","reason":"FEATURE_DISABLED"}
{"timestamp":"2026-09-30T14:12:12.633Z","level":"info","event":"DATABASE_READ_ROUTED","operation":"hourly_sales_report","policy":"DR_PREFERRED_EVENTUAL","target":"PRIMARY","reason":"FEATURE_DISABLED"}
{"timestamp":"2026-09-30T14:12:12.640Z","level":"info","event":"request_completed","route":"/merchant/reports/overview","requestId":"ba17e0bc-2455-4a2f-b093-c981f0e79164","status":200,"totalMs":49.8,"dbQueryCount":9,"dbMs":49.6,"authMs":26.4}
{"timestamp":"2026-09-30T14:12:12.980Z","level":"info","event":"request_completed","route":"/staff/:stallSlug","requestId":"1c558e7e-53cf-4a07-a4b5-c4dd72b1e3f6","status":200,"totalMs":119.5,"dbQueryCount":17,"dbMs":119.2,"authMs":20.1}
{"timestamp":"2026-09-30T14:12:13.534Z","level":"info","event":"request_completed","route":"/kitchen","requestId":"47b0418b-b6ef-4130-98a9-8934add4f422","status":200,"totalMs":70.4,"dbQueryCount":9,"dbMs":70.2,"authMs":25.3}
{"timestamp":"2026-09-30T14:12:13.804Z","level":"info","event":"request_completed","route":"/api/stalls/:stallSlug/kitchen/board","requestId":"7775c717-d690-4e68-a53d-23eb7e56f71a","status":200,"totalMs":104.4,"dbQueryCount":9,"dbMs":102.7,"authMs":43.6}
{"timestamp":"2026-09-30T14:12:14.098Z","level":"info","event":"DATABASE_READ_ROUTED","operation":"cancellation_reason_report","policy":"DR_PREFERRED_EVENTUAL","target":"PRIMARY","reason":"FEATURE_DISABLED"}
{"timestamp":"2026-09-30T14:12:14.098Z","level":"info","event":"DATABASE_READ_ROUTED","operation":"hourly_sales_report","policy":"DR_PREFERRED_EVENTUAL","target":"PRIMARY","reason":"FEATURE_DISABLED"}
{"timestamp":"2026-09-30T14:12:14.105Z","level":"info","event":"request_completed","route":"/merchant/reports/overview","requestId":"77b73b77-7a53-49d4-9102-b667f6b8cea5","status":200,"totalMs":67.6,"dbQueryCount":9,"dbMs":67.3,"authMs":33.7}
{"timestamp":"2026-09-30T14:12:14.450Z","level":"info","event":"request_completed","route":"/q/:qrToken","requestId":"5a627312-d6e2-4573-adf6-52932efcd8d6","status":200,"totalMs":34,"dbMs":33.6,"renderMs":34}
{"timestamp":"2026-09-30T14:12:16.432Z","level":"info","event":"request_completed","route":"/staff/:stallSlug","requestId":"3f630a98-01d9-484a-b070-d3fe4a2c3865","status":200,"totalMs":112.3,"dbQueryCount":17,"dbMs":112,"authMs":20.5}
{"timestamp":"2026-09-30T14:12:18.220Z","level":"info","event":"request_completed","route":"/kitchen","requestId":"4b63b630-7180-4b13-bb2c-82416417e1bb","status":200,"totalMs":185.9,"dbQueryCount":9,"dbMs":185.6,"authMs":81}
{"timestamp":"2026-09-30T14:12:19.481Z","level":"info","event":"DATABASE_READ_ROUTED","operation":"cancellation_reason_report","policy":"DR_PREFERRED_EVENTUAL","target":"PRIMARY","reason":"FEATURE_DISABLED"}
{"timestamp":"2026-09-30T14:12:19.481Z","level":"info","event":"DATABASE_READ_ROUTED","operation":"hourly_sales_report","policy":"DR_PREFERRED_EVENTUAL","target":"PRIMARY","reason":"FEATURE_DISABLED"}
{"timestamp":"2026-09-30T14:12:19.487Z","level":"info","event":"request_completed","route":"/merchant/reports/overview","requestId":"3bc3c3e6-b586-4d32-9190-eaec64c70ac5","status":200,"totalMs":43.5,"dbQueryCount":9,"dbMs":43.2,"authMs":22.1}
{"timestamp":"2026-09-30T14:12:39.211Z","level":"info","event":"LOGIN_SUCCESS","requestId":"bf493787-fcea-4afb-bffa-9c96eb0db9b5","outcome":"SUCCESS","stallId":"22222222-2222-4222-8222-222222222222","actorProfileId":"55555555-5555-4555-8555-555555555552"}
{"timestamp":"2026-09-30T14:12:39.211Z","level":"info","event":"request_completed","route":"/api/auth/login","requestId":"bf493787-fcea-4afb-bffa-9c96eb0db9b5","status":200,"totalMs":295.3,"dbQueryCount":10,"dbMs":86.1,"authMs":232.3,"sessionMs":16.3}
{"timestamp":"2026-09-30T14:12:39.320Z","level":"info","event":"request_completed","route":"/staff/:stallSlug","requestId":"1d780212-a23c-4c57-bef5-e789deac89c2","status":200,"totalMs":90.7,"dbQueryCount":17,"dbMs":90.5,"authMs":22}
{"timestamp":"2026-09-30T14:12:40.340Z","level":"info","event":"LOGIN_SUCCESS","requestId":"7d3f688f-d3de-44d3-b9d5-ed7adea6ca40","outcome":"SUCCESS","stallId":"22222222-2222-4222-8222-222222222222","actorProfileId":"55555555-5555-4555-8555-555555555553"}
{"timestamp":"2026-09-30T14:12:40.340Z","level":"info","event":"request_completed","route":"/api/auth/login","requestId":"7d3f688f-d3de-44d3-b9d5-ed7adea6ca40","status":200,"totalMs":306.6,"dbQueryCount":10,"dbMs":49.1,"authMs":267.2,"sessionMs":13.4}
{"timestamp":"2026-09-30T14:12:40.445Z","level":"info","event":"request_completed","route":"/kitchen","requestId":"2f4b228d-188e-440d-950e-f0f95d1aabea","status":200,"totalMs":86.8,"dbQueryCount":9,"dbMs":86.5,"authMs":37.5}
{"timestamp":"2026-09-30T14:12:41.180Z","level":"info","event":"LOGIN_SUCCESS","requestId":"ab8cbb29-ee12-4c95-9788-9505747ba5cf","outcome":"SUCCESS","actorProfileId":"55555555-5555-4555-8555-555555555551"}
{"timestamp":"2026-09-30T14:12:41.180Z","level":"info","event":"request_completed","route":"/api/auth/login","requestId":"ab8cbb29-ee12-4c95-9788-9505747ba5cf","status":200,"totalMs":297.8,"dbQueryCount":10,"dbMs":84.7,"authMs":240.7,"sessionMs":21.5}
{"timestamp":"2026-09-30T14:12:41.241Z","level":"info","event":"request_completed","route":"/merchant/dashboard","requestId":"2433a1db-3d1a-4bbb-8a85-fd18c17ce487","status":200,"totalMs":40.2,"dbQueryCount":7,"dbMs":39.5,"authMs":22.5}
{"timestamp":"2026-09-30T14:12:41.434Z","level":"info","event":"request_completed","route":"/q/:qrToken","requestId":"01067e16-d62c-4d5d-8f0b-cc6026adbb72","status":200,"totalMs":30.8,"dbMs":30.6,"renderMs":30.8}
{"timestamp":"2026-09-30T14:12:42.834Z","level":"info","event":"request_completed","route":"/q/:qrToken","requestId":"5a677cfe-2e9c-403f-a155-1755ea6afce3","status":200,"totalMs":29.1,"dbMs":28.8,"renderMs":29.1}
{"timestamp":"2026-09-30T14:12:44.283Z","level":"info","event":"request_completed","route":"/q/:qrToken","requestId":"f4dfebad-0c55-4109-97b5-b562ce3e710f","status":200,"totalMs":35.6,"dbMs":35.3,"renderMs":35.6}
{"timestamp":"2026-09-30T14:12:45.716Z","level":"info","event":"request_completed","route":"/q/:qrToken","requestId":"5608dccb-e079-490e-b23a-df6019516e8f","status":200,"totalMs":25.4,"dbMs":25.1,"renderMs":25.4}
{"timestamp":"2026-09-30T14:12:47.158Z","level":"info","event":"request_completed","route":"/q/:qrToken","requestId":"00844d5a-beed-437e-90cd-741bbad0c163","status":200,"totalMs":25.9,"dbMs":25.7,"renderMs":25.9}
{"timestamp":"2026-09-30T14:12:48.590Z","level":"info","event":"request_completed","route":"/q/:qrToken","requestId":"f0e8cf16-5783-4bff-9ccd-24a02cf4fba4","status":200,"totalMs":25.6,"dbMs":25.4,"renderMs":25.6}
{"timestamp":"2026-09-30T14:12:50.020Z","level":"info","event":"request_completed","route":"/q/:qrToken","requestId":"ef9fea4a-235b-4f39-986c-aea5582adc87","status":200,"totalMs":26,"dbMs":25.7,"renderMs":26}
{"timestamp":"2026-09-30T14:12:50.749Z","level":"info","event":"request_completed","route":"/q/:qrToken","requestId":"fae0976a-4141-4500-9eec-4076ef13ebe7","status":200,"totalMs":26.5,"dbMs":26.2,"renderMs":26.5}
{"timestamp":"2026-09-30T14:12:52.217Z","level":"info","event":"request_completed","route":"/q/:qrToken","requestId":"b5217fbc-611d-4666-b581-b7fd15904351","status":200,"totalMs":28.9,"dbMs":28.7,"renderMs":28.9}
{"timestamp":"2026-09-30T14:12:53.645Z","level":"info","event":"request_completed","route":"/q/:qrToken","requestId":"1711c2bd-53a3-4d69-a1cf-ec654286ddd5","status":200,"totalMs":26.6,"dbMs":26.4,"renderMs":26.6}
{"timestamp":"2026-09-30T14:12:55.114Z","level":"info","event":"request_completed","route":"/q/:qrToken","requestId":"4892b8e1-6c0e-4232-aa5d-4162dfd9c4b9","status":200,"totalMs":25.9,"dbMs":25.7,"renderMs":25.9}
{"timestamp":"2026-09-30T14:12:56.513Z","level":"info","event":"request_completed","route":"/q/:qrToken","requestId":"c3373b89-f149-45a9-b1ef-c0e1c0bb7736","status":200,"totalMs":29.3,"dbMs":29.1,"renderMs":29.3}
{"timestamp":"2026-09-30T14:12:57.960Z","level":"info","event":"request_completed","route":"/q/:qrToken","requestId":"30b5dd95-c805-407b-9ed5-32257740f0bf","status":200,"totalMs":45.6,"dbMs":45.2,"renderMs":45.5}
{"timestamp":"2026-09-30T14:12:59.417Z","level":"info","event":"request_completed","route":"/q/:qrToken","requestId":"0fb9e442-22bd-4cea-8896-b7372dd8c2e0","status":200,"totalMs":29.5,"dbMs":29.3,"renderMs":29.5}
{"timestamp":"2026-09-30T14:13:00.861Z","level":"info","event":"request_completed","route":"/q/:qrToken","requestId":"09fad0e2-8b16-41ed-8f20-3dd4828cefb2","status":200,"totalMs":28.1,"dbMs":27.8,"renderMs":28.1}
{"timestamp":"2026-09-30T14:13:02.365Z","level":"info","event":"request_completed","route":"/q/:qrToken","requestId":"23ffa77a-667d-48eb-9bd4-ce121768cb06","status":200,"totalMs":29.6,"dbMs":29.4,"renderMs":29.6}
{"timestamp":"2026-09-30T14:13:03.820Z","level":"info","event":"request_completed","route":"/q/:qrToken","requestId":"6b2f20ae-1423-4e89-bcd6-53b33818bd33","status":200,"totalMs":38,"dbMs":37.7,"renderMs":38}
{"timestamp":"2026-09-30T14:13:05.286Z","level":"info","event":"request_completed","route":"/q/:qrToken","requestId":"5f0695a4-0a4c-4006-b681-477713b3aa72","status":200,"totalMs":27.5,"dbMs":27.3,"renderMs":27.5}
{"timestamp":"2026-09-30T14:13:06.641Z","level":"info","event":"request_completed","route":"/q/:qrToken","requestId":"308057ce-1918-4d3c-9e73-2aeb18904bc7","status":200,"totalMs":30.6,"dbMs":30.4,"renderMs":30.6}
{"timestamp":"2026-09-30T14:13:08.147Z","level":"info","event":"request_completed","route":"/q/:qrToken","requestId":"d35534d0-fb38-4e78-9b9a-9d50d4404681","status":200,"totalMs":28.2,"dbMs":27.7,"renderMs":28.2}
{"timestamp":"2026-09-30T14:16:54.276Z","level":"info","event":"LOGIN_SUCCESS","requestId":"bc0bab65-c047-4084-b592-36fccf5801c9","outcome":"SUCCESS","stallId":"22222222-2222-4222-8222-222222222222","actorProfileId":"55555555-5555-4555-8555-555555555552"}
{"timestamp":"2026-09-30T14:16:54.276Z","level":"info","event":"request_completed","route":"/api/auth/login","requestId":"bc0bab65-c047-4084-b592-36fccf5801c9","status":200,"totalMs":303.9,"dbQueryCount":10,"dbMs":59.7,"authMs":262.1,"sessionMs":14.4}
{"timestamp":"2026-09-30T14:16:54.399Z","level":"info","event":"request_completed","route":"/staff/:stallSlug","requestId":"5d1df349-b467-4b34-88d6-46ca835b62db","status":200,"totalMs":100.7,"dbQueryCount":17,"dbMs":100.5,"authMs":21.9}
{"timestamp":"2026-09-30T14:16:55.512Z","level":"info","event":"LOGIN_SUCCESS","requestId":"ddf77b63-cf7f-410c-9ea4-17096c723fbb","outcome":"SUCCESS","stallId":"22222222-2222-4222-8222-222222222222","actorProfileId":"55555555-5555-4555-8555-555555555553"}
{"timestamp":"2026-09-30T14:16:55.512Z","level":"info","event":"request_completed","route":"/api/auth/login","requestId":"ddf77b63-cf7f-410c-9ea4-17096c723fbb","status":200,"totalMs":306.4,"dbQueryCount":10,"dbMs":110.8,"authMs":231.4,"sessionMs":31.4}
{"timestamp":"2026-09-30T14:16:55.636Z","level":"info","event":"request_completed","route":"/kitchen","requestId":"4d85020d-9065-4ed8-88f8-9c1204e6183d","status":200,"totalMs":87.6,"dbQueryCount":9,"dbMs":87.4,"authMs":42.7}
{"timestamp":"2026-09-30T14:16:56.459Z","level":"info","event":"LOGIN_SUCCESS","requestId":"3f72c0ef-d560-4c6a-a4db-e57aa0e427ca","outcome":"SUCCESS","actorProfileId":"55555555-5555-4555-8555-555555555551"}
{"timestamp":"2026-09-30T14:16:56.460Z","level":"info","event":"request_completed","route":"/api/auth/login","requestId":"3f72c0ef-d560-4c6a-a4db-e57aa0e427ca","status":200,"totalMs":301.9,"dbQueryCount":10,"dbMs":84.7,"authMs":232.9,"sessionMs":13.3}
{"timestamp":"2026-09-30T14:16:56.515Z","level":"info","event":"request_completed","route":"/merchant/dashboard","requestId":"f954fd87-2994-4f0d-9d2f-eb85d51eef6a","status":200,"totalMs":38.7,"dbQueryCount":7,"dbMs":37.7,"authMs":24.3}
{"timestamp":"2026-09-30T14:16:56.706Z","level":"info","event":"request_completed","route":"/q/:qrToken","requestId":"ec24965d-4418-4729-b5d0-67fdce11db84","status":200,"totalMs":30.6,"dbMs":30.4,"renderMs":30.6}
{"timestamp":"2026-09-30T14:16:58.152Z","level":"info","event":"request_completed","route":"/q/:qrToken","requestId":"f1b119e6-2cc1-47b0-81b0-6647961233a4","status":200,"totalMs":41.1,"dbMs":40.8,"renderMs":41.1}
{"timestamp":"2026-09-30T14:16:59.647Z","level":"info","event":"request_completed","route":"/q/:qrToken","requestId":"09972daa-182e-4e35-b887-a9c1ed553696","status":200,"totalMs":28.4,"dbMs":28.1,"renderMs":28.4}
{"timestamp":"2026-09-30T14:17:01.071Z","level":"info","event":"request_completed","route":"/q/:qrToken","requestId":"6e9c8eee-32d3-40aa-8262-a58df02f74f4","status":200,"totalMs":30.6,"dbMs":30.4,"renderMs":30.6}
{"timestamp":"2026-09-30T14:17:02.936Z","level":"info","event":"request_completed","route":"/q/:qrToken","requestId":"f01afe53-a550-4b82-917b-1cfce297699b","status":200,"totalMs":23.9,"dbMs":23.7,"renderMs":23.9}
{"timestamp":"2026-09-30T14:17:04.344Z","level":"info","event":"request_completed","route":"/q/:qrToken","requestId":"9bb56bbf-fb73-4be5-beb4-ec12f8293823","status":200,"totalMs":32,"dbMs":31.6,"renderMs":32}
{"timestamp":"2026-09-30T14:17:05.743Z","level":"info","event":"request_completed","route":"/q/:qrToken","requestId":"15a203e1-369f-4a2b-91d4-0f36af053174","status":200,"totalMs":27.6,"dbMs":27.3,"renderMs":27.6}
{"timestamp":"2026-09-30T14:17:07.092Z","level":"info","event":"request_completed","route":"/q/:qrToken","requestId":"957d6638-daae-44d3-8c09-b96740b58305","status":200,"totalMs":26.3,"dbMs":26.1,"renderMs":26.3}
{"timestamp":"2026-09-30T14:17:08.494Z","level":"info","event":"request_completed","route":"/q/:qrToken","requestId":"709a1b90-3223-4a7c-a50e-6a186d8017d3","status":200,"totalMs":33.3,"dbMs":33.1,"renderMs":33.3}
{"timestamp":"2026-09-30T14:17:09.117Z","level":"info","event":"request_completed","route":"/q/:qrToken","requestId":"d3058924-2fc0-4d36-9ffe-0833420e4edc","status":200,"totalMs":23.5,"dbMs":23.2,"renderMs":23.5}
{"timestamp":"2026-09-30T14:17:10.547Z","level":"info","event":"request_completed","route":"/q/:qrToken","requestId":"ba45a8d4-4882-4e0c-b593-7aadf5c938f5","status":200,"totalMs":31,"dbMs":30.7,"renderMs":31}
{"timestamp":"2026-09-30T14:17:11.946Z","level":"info","event":"request_completed","route":"/q/:qrToken","requestId":"26fb3030-6e6a-4742-be39-943982f5d0e9","status":200,"totalMs":30.6,"dbMs":30.4,"renderMs":30.6}
{"timestamp":"2026-09-30T14:17:13.372Z","level":"info","event":"request_completed","route":"/q/:qrToken","requestId":"c51937de-8317-472f-8fe7-29a63350c063","status":200,"totalMs":54.1,"dbMs":53.9,"renderMs":54.1}
{"timestamp":"2026-09-30T14:17:14.750Z","level":"info","event":"request_completed","route":"/q/:qrToken","requestId":"0757faa4-df00-4994-bb91-be8701d6d2d0","status":200,"totalMs":27.7,"dbMs":27.5,"renderMs":27.7}
{"timestamp":"2026-09-30T14:17:16.180Z","level":"info","event":"request_completed","route":"/q/:qrToken","requestId":"d09d0ef7-1ac6-4181-a2be-991995915ef1","status":200,"totalMs":39.9,"dbMs":39.6,"renderMs":39.9}
{"timestamp":"2026-09-30T14:17:17.603Z","level":"info","event":"request_completed","route":"/q/:qrToken","requestId":"526d6e36-fad0-4acb-af43-ba5484d5f39e","status":200,"totalMs":26.4,"dbMs":26.2,"renderMs":26.4}
{"timestamp":"2026-09-30T14:17:18.994Z","level":"info","event":"request_completed","route":"/q/:qrToken","requestId":"051a8dd2-66c5-4004-a3bb-a4e9ee31bffc","status":200,"totalMs":26.5,"dbMs":26.3,"renderMs":26.5}
{"timestamp":"2026-09-30T14:17:20.493Z","level":"info","event":"request_completed","route":"/q/:qrToken","requestId":"c4359a25-aef2-4367-a80e-46242d212d1c","status":200,"totalMs":44.6,"dbMs":44.2,"renderMs":44.6}
{"timestamp":"2026-09-30T14:17:21.928Z","level":"info","event":"request_completed","route":"/q/:qrToken","requestId":"a3120b89-3f2e-4084-b8e6-f0fd5a0d46a9","status":200,"totalMs":24.6,"dbMs":24.4,"renderMs":24.6}
{"timestamp":"2026-09-30T14:17:23.326Z","level":"info","event":"request_completed","route":"/q/:qrToken","requestId":"b5afd7e3-a8b1-4da9-8574-6e63749837de","status":200,"totalMs":24.4,"dbMs":24.1,"renderMs":24.4}
{"timestamp":"2026-09-30T14:22:46.270Z","level":"info","event":"request_completed","route":"/q/:qrToken","requestId":"b4e74c65-5ac1-4171-89ab-0df9ae58690d","status":200,"totalMs":50.5,"dbMs":50.2,"renderMs":50.5}
{"timestamp":"2026-09-30T14:22:47.680Z","level":"info","event":"request_completed","route":"/q/:qrToken","requestId":"2dcb3640-5c33-41d2-b9fe-89bfb2cf8d0b","status":200,"totalMs":26,"dbMs":25.8,"renderMs":26}
{"timestamp":"2026-09-30T14:22:49.086Z","level":"info","event":"request_completed","route":"/q/:qrToken","requestId":"18d4f0fe-81d2-47cf-b018-a9cb0d98e922","status":200,"totalMs":35.6,"dbMs":35.4,"renderMs":35.6}
{"timestamp":"2026-09-30T14:22:49.707Z","level":"info","event":"request_completed","route":"/q/:qrToken","requestId":"ada2ebed-f471-4c4f-9c45-bdf508349202","status":200,"totalMs":24.6,"dbMs":24.3,"renderMs":24.6}
{"timestamp":"2026-09-30T14:22:51.105Z","level":"info","event":"request_completed","route":"/q/:qrToken","requestId":"a4a2f693-4249-4e1a-9f82-fee8f65141d2","status":200,"totalMs":27.6,"dbMs":27.3,"renderMs":27.6}
{"timestamp":"2026-09-30T14:22:51.752Z","level":"info","event":"request_completed","route":"/q/:qrToken","requestId":"cec8d9b3-8466-495a-9942-899124c43c44","status":200,"totalMs":32.2,"dbMs":31.9,"renderMs":32.2}
{"timestamp":"2026-09-30T14:22:53.130Z","level":"info","event":"request_completed","route":"/q/:qrToken","requestId":"2cc74772-ae43-4950-bfa7-98a12cac8899","status":200,"totalMs":24.7,"dbMs":24.4,"renderMs":24.7}
{"timestamp":"2026-09-30T14:22:54.530Z","level":"info","event":"request_completed","route":"/q/:qrToken","requestId":"2cc15653-990d-47e0-8927-650f7105fa57","status":200,"totalMs":28.2,"dbMs":27.9,"renderMs":28.2}
{"timestamp":"2026-09-30T14:22:55.935Z","level":"info","event":"request_completed","route":"/q/:qrToken","requestId":"8dc5f570-32c3-4026-b3ef-3f4981c51622","status":200,"totalMs":23.5,"dbMs":23.3,"renderMs":23.5}
{"timestamp":"2026-09-30T14:22:57.323Z","level":"info","event":"request_completed","route":"/q/:qrToken","requestId":"1944955e-556f-494b-89eb-5bc94ba633c4","status":200,"totalMs":23.7,"dbMs":23.5,"renderMs":23.7}
{"timestamp":"2026-09-30T14:22:58.726Z","level":"info","event":"request_completed","route":"/q/:qrToken","requestId":"44c89728-158c-493e-bffa-ff6432511d22","status":200,"totalMs":38.2,"dbMs":37.9,"renderMs":38.2}
{"timestamp":"2026-09-30T14:23:00.123Z","level":"info","event":"request_completed","route":"/q/:qrToken","requestId":"2104e1e2-1ff7-4dee-978e-8805a6cd31bd","status":200,"totalMs":35.1,"dbMs":34.8,"renderMs":35.1}
{"timestamp":"2026-09-30T14:23:01.405Z","level":"info","event":"request_completed","route":"/q/:qrToken","requestId":"9747ce19-6f5c-49b1-bde7-647bc9d1b5d1","status":200,"totalMs":30.6,"dbMs":30.4,"renderMs":30.6}
{"timestamp":"2026-09-30T14:23:02.160Z","level":"info","event":"request_completed","route":"/q/:qrToken","requestId":"8c90f495-cfb9-4314-8221-0a75baa4002e","status":200,"totalMs":41.3,"dbMs":41,"renderMs":41.3}
{"timestamp":"2026-09-30T14:23:02.614Z","level":"info","event":"request_completed","route":"/q/:qrToken","requestId":"97cd3ce7-cbff-4afe-a24a-fe725d5ab54b","status":200,"totalMs":26.9,"dbMs":26.6,"renderMs":26.8}
{"timestamp":"2026-09-30T14:23:03.144Z","level":"info","event":"request_completed","route":"/q/:qrToken","requestId":"7fa19ad1-50bc-4742-88ea-73cf3dc44af5","status":200,"totalMs":33.7,"dbMs":33.5,"renderMs":33.7}
{"timestamp":"2026-09-30T14:23:03.630Z","level":"info","event":"request_completed","route":"/q/:qrToken","requestId":"719c6c72-ca87-4487-b59e-ea5801c30b85","status":200,"totalMs":26.8,"dbMs":26.5,"renderMs":26.8}
{"timestamp":"2026-09-30T14:23:04.137Z","level":"info","event":"request_completed","route":"/q/:qrToken","requestId":"72e91a37-bbf6-49f5-b88c-070a9dfa8bd3","status":200,"totalMs":33.5,"dbMs":33.3,"renderMs":33.5}
{"timestamp":"2026-09-30T14:23:04.636Z","level":"info","event":"request_completed","route":"/q/:qrToken","requestId":"be3b97a1-9608-4ee0-ac2d-7510abd90729","status":200,"totalMs":32.6,"dbMs":32.3,"renderMs":32.6}
{"timestamp":"2026-09-30T14:23:05.128Z","level":"info","event":"request_completed","route":"/q/:qrToken","requestId":"7840c0bb-ecbd-4774-95fa-e5a070d2248d","status":200,"totalMs":24.6,"dbMs":24.4,"renderMs":24.6}
{"timestamp":"2026-09-30T14:28:26.257Z","level":"info","event":"request_completed","route":"/q/:qrToken","requestId":"4a644f9b-c408-4787-95ae-db855416f29b","status":200,"totalMs":62.6,"dbMs":62.3,"renderMs":62.6}
{"timestamp":"2026-09-30T14:28:26.754Z","level":"info","event":"request_completed","route":"/q/:qrToken","requestId":"0374726d-c4f7-428b-9783-3036bba2c1a7","status":200,"totalMs":58.3,"dbMs":58.1,"renderMs":58.3}
{"timestamp":"2026-09-30T14:28:27.250Z","level":"info","event":"request_completed","route":"/q/:qrToken","requestId":"c8bd01d1-9289-43c6-8121-f5c7c0f75af3","status":200,"totalMs":36.8,"dbMs":36.5,"renderMs":36.8}
{"timestamp":"2026-09-30T14:28:27.710Z","level":"info","event":"request_completed","route":"/q/:qrToken","requestId":"8234df1a-2352-4b70-a69d-0cd0a261f418","status":200,"totalMs":32.5,"dbMs":32.3,"renderMs":32.5}
{"timestamp":"2026-09-30T14:28:28.214Z","level":"info","event":"request_completed","route":"/q/:qrToken","requestId":"432bb3f0-01c6-4ab6-a930-8d63f4633be9","status":200,"totalMs":38.6,"dbMs":38.3,"renderMs":38.6}
{"timestamp":"2026-09-30T14:28:28.737Z","level":"info","event":"request_completed","route":"/q/:qrToken","requestId":"d076ef1f-1e14-47d8-81d0-bc232375255c","status":200,"totalMs":51.2,"dbMs":50.9,"renderMs":51.2}
{"timestamp":"2026-09-30T14:28:29.223Z","level":"info","event":"request_completed","route":"/q/:qrToken","requestId":"6aabdd73-02aa-4ce3-a7e3-b84a9f785e9c","status":200,"totalMs":31.3,"dbMs":31.1,"renderMs":31.3}
{"timestamp":"2026-09-30T14:28:29.704Z","level":"info","event":"request_completed","route":"/q/:qrToken","requestId":"191c682f-633c-4a73-b529-c2a04aa98241","status":200,"totalMs":31.1,"dbMs":30.8,"renderMs":31.1}
{"timestamp":"2026-09-30T14:28:30.225Z","level":"info","event":"request_completed","route":"/q/:qrToken","requestId":"db7744ea-de97-4e3a-8840-2dd7349fdd44","status":200,"totalMs":33,"dbMs":32.8,"renderMs":33}
{"timestamp":"2026-09-30T14:28:30.720Z","level":"info","event":"request_completed","route":"/q/:qrToken","requestId":"1e5fb399-0a30-4335-b8cc-d820698803b8","status":200,"totalMs":28.1,"dbMs":27.8,"renderMs":28.1}
{"timestamp":"2026-09-30T14:33:51.895Z","level":"info","event":"request_completed","route":"/q/:qrToken","requestId":"47fd4ab1-fb7a-47af-816c-eb6d91f43c60","status":200,"totalMs":109.5,"dbMs":108.9,"renderMs":109.5}
{"timestamp":"2026-09-30T14:33:52.469Z","level":"info","event":"request_completed","route":"/q/:qrToken","requestId":"e2d528ea-320c-4280-be1c-e31b514b5d4c","status":200,"totalMs":59.5,"dbMs":58.9,"renderMs":59.5}
{"timestamp":"2026-09-30T14:33:53.081Z","level":"info","event":"request_completed","route":"/q/:qrToken","requestId":"8b465209-9bf7-43e6-a04d-038b2bebb1b2","status":200,"totalMs":52.9,"dbMs":52.3,"renderMs":52.9}
{"timestamp":"2026-09-30T14:33:53.697Z","level":"info","event":"request_completed","route":"/q/:qrToken","requestId":"dd39389b-9fe4-4100-b713-aa38b66b05a9","status":200,"totalMs":37.2,"dbMs":36.6,"renderMs":37.2}
{"timestamp":"2026-09-30T14:33:54.459Z","level":"info","event":"request_completed","route":"/q/:qrToken","requestId":"e6bba583-f25c-4b4f-9209-264f6340b3f0","status":200,"totalMs":34.9,"dbMs":34.3,"renderMs":34.9}
{"timestamp":"2026-09-30T14:33:55.109Z","level":"info","event":"request_completed","route":"/q/:qrToken","requestId":"6d9b6bfb-fdf3-485e-ac9d-501b5deea3b9","status":200,"totalMs":35.2,"dbMs":34.8,"renderMs":35.2}
{"timestamp":"2026-09-30T14:33:55.890Z","level":"info","event":"request_completed","route":"/q/:qrToken","requestId":"11ce3ea8-f184-4640-9722-3ff3a34d5fb3","status":200,"totalMs":36.4,"dbMs":36,"renderMs":36.4}
{"timestamp":"2026-09-30T14:33:56.510Z","level":"info","event":"request_completed","route":"/q/:qrToken","requestId":"a8c0bde0-fa66-4272-b5e0-5684eb741e3f","status":200,"totalMs":34.4,"dbMs":33.9,"renderMs":34.4}
{"timestamp":"2026-09-30T14:33:57.036Z","level":"info","event":"request_completed","route":"/q/:qrToken","requestId":"b3712208-42f7-48e0-b555-7bdfa12e2ce7","status":200,"totalMs":30.4,"dbMs":29.9,"renderMs":30.4}
{"timestamp":"2026-09-30T14:33:57.652Z","level":"info","event":"request_completed","route":"/q/:qrToken","requestId":"99cceca9-c5f2-4bf1-bd9d-d9b320009fe9","status":200,"totalMs":37.5,"dbMs":36.9,"renderMs":37.5}
{"timestamp":"2026-09-30T14:39:18.936Z","level":"info","event":"request_completed","route":"/q/:qrToken","requestId":"6996d8cd-0b1d-49b0-894f-00fd288610db","status":200,"totalMs":76.7,"dbMs":76.2,"renderMs":76.7}
{"timestamp":"2026-09-30T14:39:19.496Z","level":"info","event":"request_completed","route":"/q/:qrToken","requestId":"b298567d-3a01-45a1-8c4b-a0ede0f9324c","status":200,"totalMs":58,"dbMs":57.7,"renderMs":58}
{"timestamp":"2026-09-30T14:39:19.954Z","level":"info","event":"request_completed","route":"/q/:qrToken","requestId":"85b0b9ca-2c78-4a0d-8abd-d07e604727b4","status":200,"totalMs":25.6,"dbMs":25.3,"renderMs":25.6}
{"timestamp":"2026-09-30T14:39:20.478Z","level":"info","event":"request_completed","route":"/q/:qrToken","requestId":"7b687b8a-a784-4dc1-89dc-629e7d4155ad","status":200,"totalMs":29.3,"dbMs":29.1,"renderMs":29.3}
{"timestamp":"2026-09-30T14:39:21.009Z","level":"info","event":"request_completed","route":"/q/:qrToken","requestId":"ff64ee72-d4be-40f6-b499-ab81cba8e0d7","status":200,"totalMs":40.5,"dbMs":40.3,"renderMs":40.5}
{"timestamp":"2026-09-30T14:39:23.403Z","level":"info","event":"request_completed","route":"/staff/:stallSlug","requestId":"fdcb7529-740a-466c-9d4d-933fdc8b2f72","status":200,"totalMs":130.9,"dbQueryCount":17,"dbMs":130.6,"authMs":27.7}
{"timestamp":"2026-09-30T14:39:25.516Z","level":"info","event":"request_completed","route":"/staff/:stallSlug","requestId":"a053e569-6d6e-4063-8461-6e3c4ebf03df","status":200,"totalMs":81,"dbQueryCount":17,"dbMs":80.6,"authMs":24.2}
{"timestamp":"2026-09-30T14:39:27.611Z","level":"info","event":"request_completed","route":"/staff/:stallSlug","requestId":"3fcda4c4-14e7-4730-87dd-de94b2243d3f","status":200,"totalMs":110.1,"dbQueryCount":17,"dbMs":109.8,"authMs":25.4}
{"timestamp":"2026-09-30T14:39:29.749Z","level":"info","event":"request_completed","route":"/staff/:stallSlug","requestId":"792c8579-0d34-4cd8-a60c-6dd2772e7fcc","status":200,"totalMs":73,"dbQueryCount":17,"dbMs":72.7,"authMs":19.3}
{"timestamp":"2026-09-30T14:39:31.748Z","level":"info","event":"request_completed","route":"/staff/:stallSlug","requestId":"a9e2e43c-967b-475c-9211-47eeda8286f5","status":200,"totalMs":76.2,"dbQueryCount":17,"dbMs":75.9,"authMs":16.9}
{"timestamp":"2026-09-30T14:39:33.828Z","level":"info","event":"request_completed","route":"/staff/:stallSlug","requestId":"373a879f-5781-4461-b5dc-0175dca3b1c1","status":200,"totalMs":151.4,"dbQueryCount":17,"dbMs":151.2,"authMs":26.8}
{"timestamp":"2026-09-30T14:39:35.890Z","level":"info","event":"request_completed","route":"/staff/:stallSlug","requestId":"625c51b7-4a04-4a13-8129-8fb29c8fe76a","status":200,"totalMs":91.4,"dbQueryCount":17,"dbMs":91.2,"authMs":19.3}
{"timestamp":"2026-09-30T14:39:37.970Z","level":"info","event":"request_completed","route":"/staff/:stallSlug","requestId":"6d0885da-695a-40ae-a40f-1be3ce3609c0","status":200,"totalMs":90,"dbQueryCount":17,"dbMs":89.7,"authMs":17.6}
{"timestamp":"2026-09-30T14:39:40.081Z","level":"info","event":"request_completed","route":"/staff/:stallSlug","requestId":"19a71b7f-48f2-4912-abbd-cd36d02351e4","status":200,"totalMs":83.3,"dbQueryCount":17,"dbMs":83.1,"authMs":15.4}
{"timestamp":"2026-09-30T14:39:42.176Z","level":"info","event":"request_completed","route":"/staff/:stallSlug","requestId":"0f26da6d-b0af-454a-b00e-e2e451b4953d","status":200,"totalMs":100.6,"dbQueryCount":17,"dbMs":100.3,"authMs":19.6}
{"timestamp":"2026-09-30T14:39:44.362Z","level":"info","event":"request_completed","route":"/staff/:stallSlug","requestId":"e6d244f4-4db2-4307-941b-ff4db1e06995","status":200,"totalMs":79.8,"dbQueryCount":17,"dbMs":79.5,"authMs":22.7}
{"timestamp":"2026-09-30T14:39:46.640Z","level":"info","event":"request_completed","route":"/staff/:stallSlug","requestId":"b3eb7460-ab00-4968-a5d7-e575c896aae9","status":200,"totalMs":93.6,"dbQueryCount":17,"dbMs":93.4,"authMs":16.8}
{"timestamp":"2026-09-30T14:39:48.935Z","level":"info","event":"request_completed","route":"/staff/:stallSlug","requestId":"0848ef41-9228-40b7-94e1-856e25f36b9e","status":200,"totalMs":105.8,"dbQueryCount":17,"dbMs":105.5,"authMs":23.7}
{"timestamp":"2026-09-30T14:39:51.105Z","level":"info","event":"request_completed","route":"/staff/:stallSlug","requestId":"fbab743a-4d45-40d6-bb87-386fb851aa66","status":200,"totalMs":71.2,"dbQueryCount":17,"dbMs":71,"authMs":19.5}
{"timestamp":"2026-09-30T14:39:53.356Z","level":"info","event":"request_completed","route":"/staff/:stallSlug","requestId":"35fc095f-cc46-430b-a7f3-e401535a8a29","status":200,"totalMs":155.1,"dbQueryCount":17,"dbMs":154.9,"authMs":20.6}
{"timestamp":"2026-09-30T14:39:55.392Z","level":"info","event":"request_completed","route":"/staff/:stallSlug","requestId":"7a5b43da-2cc6-440a-8ebd-988e5b360c17","status":200,"totalMs":101.2,"dbQueryCount":17,"dbMs":100.8,"authMs":32.5}
{"timestamp":"2026-09-30T14:39:57.466Z","level":"info","event":"request_completed","route":"/staff/:stallSlug","requestId":"f07363c7-c03b-4077-9f4a-f6a86a327775","status":200,"totalMs":78.6,"dbQueryCount":17,"dbMs":78.3,"authMs":21.7}
{"timestamp":"2026-09-30T14:39:59.645Z","level":"info","event":"request_completed","route":"/staff/:stallSlug","requestId":"7de68ea0-963b-44ad-b64a-ae77321bd66c","status":200,"totalMs":142.3,"dbQueryCount":17,"dbMs":142,"authMs":32.1}
{"timestamp":"2026-09-30T14:40:01.985Z","level":"info","event":"request_completed","route":"/staff/:stallSlug","requestId":"3a4025c0-b314-4113-834b-1cb8c154834b","status":200,"totalMs":189.8,"dbQueryCount":17,"dbMs":189.4,"authMs":67.9}
{"timestamp":"2026-09-30T14:40:04.056Z","level":"info","event":"request_completed","route":"/staff/:stallSlug","requestId":"08304b6a-dad5-4774-bbf3-a31168e52b59","status":200,"totalMs":79.7,"dbQueryCount":17,"dbMs":79.4,"authMs":18}
{"timestamp":"2026-09-30T14:40:06.109Z","level":"info","event":"request_completed","route":"/staff/:stallSlug","requestId":"8c2658ee-c3f2-4307-803f-09d69919eb47","status":200,"totalMs":71,"dbQueryCount":17,"dbMs":70.8,"authMs":14.4}
{"timestamp":"2026-09-30T14:40:08.204Z","level":"info","event":"request_completed","route":"/staff/:stallSlug","requestId":"6ac04cec-a40f-4d9e-9e7c-288861db1193","status":200,"totalMs":110.8,"dbQueryCount":17,"dbMs":110.5,"authMs":19.5}
{"timestamp":"2026-09-30T14:40:10.439Z","level":"info","event":"request_completed","route":"/staff/:stallSlug","requestId":"5deb4c9d-3842-4fd8-a57c-5c51dd54973d","status":200,"totalMs":79.5,"dbQueryCount":17,"dbMs":79.2,"authMs":19.3}
{"timestamp":"2026-09-30T14:40:12.692Z","level":"info","event":"request_completed","route":"/staff/:stallSlug","requestId":"4e468e62-dace-4fe9-8ecf-c2dd94f6baac","status":200,"totalMs":147.8,"dbQueryCount":17,"dbMs":147.5,"authMs":18.8}
{"timestamp":"2026-09-30T14:40:14.682Z","level":"info","event":"request_completed","route":"/staff/:stallSlug","requestId":"1fd0a7ed-f567-4f16-be49-d26ca3e6efad","status":200,"totalMs":74.9,"dbQueryCount":17,"dbMs":74.7,"authMs":15.5}
{"timestamp":"2026-09-30T14:40:17.022Z","level":"info","event":"request_completed","route":"/staff/:stallSlug","requestId":"32e73aaa-8e23-491d-85fb-f7935d15fedf","status":200,"totalMs":89.2,"dbQueryCount":17,"dbMs":88.8,"authMs":17.5}
{"timestamp":"2026-09-30T14:40:19.505Z","level":"info","event":"request_completed","route":"/staff/:stallSlug","requestId":"cfa00f9f-9187-4728-8e73-b76c12471f30","status":200,"totalMs":94.8,"dbQueryCount":17,"dbMs":94.5,"authMs":18.4}
{"timestamp":"2026-09-30T14:40:21.806Z","level":"info","event":"request_completed","route":"/staff/:stallSlug","requestId":"619981d0-80e6-4d4d-90e7-1910696effd0","status":200,"totalMs":149.3,"dbQueryCount":17,"dbMs":149,"authMs":30.6}
{"timestamp":"2026-09-30T14:40:23.895Z","level":"info","event":"request_completed","route":"/staff/:stallSlug","requestId":"98957589-220a-4aaa-a6d4-b4cf55de03ed","status":200,"totalMs":85.4,"dbQueryCount":17,"dbMs":85.2,"authMs":19.7}
{"timestamp":"2026-09-30T14:40:26.067Z","level":"info","event":"request_completed","route":"/staff/:stallSlug","requestId":"551d7cb2-6df8-40de-bd9a-240b5afdb208","status":200,"totalMs":171.6,"dbQueryCount":17,"dbMs":171.4,"authMs":47.6}
{"timestamp":"2026-09-30T14:40:28.361Z","level":"info","event":"request_completed","route":"/staff/:stallSlug","requestId":"016d51b3-743a-446f-bb22-6a696e61d438","status":200,"totalMs":307,"dbQueryCount":17,"dbMs":306.7,"authMs":81.7}
{"timestamp":"2026-09-30T14:40:30.449Z","level":"info","event":"request_completed","route":"/staff/:stallSlug","requestId":"8cc4e06a-b2b3-4eda-85db-e1be95357645","status":200,"totalMs":65.7,"dbQueryCount":17,"dbMs":65.5,"authMs":12.7}
{"timestamp":"2026-09-30T14:40:32.475Z","level":"info","event":"request_completed","route":"/staff/:stallSlug","requestId":"3a45af0f-678b-48c9-abd6-f170bafacfc4","status":200,"totalMs":95.7,"dbQueryCount":17,"dbMs":95.5,"authMs":18.5}
{"timestamp":"2026-09-30T14:40:34.262Z","level":"info","event":"request_completed","route":"/staff/:stallSlug","requestId":"cf4993f8-75b7-407b-854a-dee67162ba37","status":200,"totalMs":85.9,"dbQueryCount":17,"dbMs":85.6,"authMs":23.8}
{"timestamp":"2026-09-30T14:40:36.092Z","level":"info","event":"request_completed","route":"/staff/:stallSlug","requestId":"5dd73af5-21eb-41f7-ad30-0cf03aacac08","status":200,"totalMs":68.8,"dbQueryCount":17,"dbMs":68.5,"authMs":15.7}
{"timestamp":"2026-09-30T14:40:38.097Z","level":"info","event":"request_completed","route":"/staff/:stallSlug","requestId":"75d41e49-3750-46df-be35-a9e4c8e4a96a","status":200,"totalMs":101.1,"dbQueryCount":17,"dbMs":100.9,"authMs":13.1}
{"timestamp":"2026-09-30T14:40:39.875Z","level":"info","event":"request_completed","route":"/staff/:stallSlug","requestId":"f78d04ed-e981-4f5b-8da8-90a0044345aa","status":200,"totalMs":91.6,"dbQueryCount":17,"dbMs":91.3,"authMs":22.9}
{"timestamp":"2026-09-30T14:40:41.812Z","level":"info","event":"request_completed","route":"/staff/:stallSlug","requestId":"8926819c-b434-42bc-be3e-5af201de82be","status":200,"totalMs":68.5,"dbQueryCount":17,"dbMs":68.2,"authMs":15}
{"timestamp":"2026-09-30T14:40:43.658Z","level":"info","event":"request_completed","route":"/staff/:stallSlug","requestId":"d7445d3a-0bca-422c-a0dd-3a12c66ae9a1","status":200,"totalMs":75.6,"dbQueryCount":17,"dbMs":75.3,"authMs":15.3}
{"timestamp":"2026-09-30T14:40:45.626Z","level":"info","event":"request_completed","route":"/staff/:stallSlug","requestId":"474441b2-5ab0-4710-a7ad-95e1bed652db","status":200,"totalMs":71.5,"dbQueryCount":17,"dbMs":71,"authMs":21.7}
{"timestamp":"2026-09-30T14:40:47.660Z","level":"info","event":"request_completed","route":"/staff/:stallSlug","requestId":"ddc922ca-4eac-44f2-be8b-a30a0e74ee00","status":200,"totalMs":102.7,"dbQueryCount":17,"dbMs":102.4,"authMs":19.6}
{"timestamp":"2026-09-30T14:40:49.466Z","level":"info","event":"request_completed","route":"/staff/:stallSlug","requestId":"715f7938-1684-4fd6-9aa7-b70a870df222","status":200,"totalMs":100.9,"dbQueryCount":17,"dbMs":100.5,"authMs":37.1}
{"timestamp":"2026-09-30T14:40:51.261Z","level":"info","event":"request_completed","route":"/staff/:stallSlug","requestId":"a6a7eaa2-591a-43d8-a717-e12af5b9295a","status":200,"totalMs":75.5,"dbQueryCount":17,"dbMs":75.3,"authMs":15.4}
{"timestamp":"2026-09-30T14:40:53.320Z","level":"info","event":"request_completed","route":"/staff/:stallSlug","requestId":"0ec413ba-117c-4091-b43a-9041245fe08a","status":200,"totalMs":80.5,"dbQueryCount":17,"dbMs":80.2,"authMs":28.5}
{"timestamp":"2026-09-30T14:40:55.344Z","level":"info","event":"request_completed","route":"/staff/:stallSlug","requestId":"9362653b-86f0-494d-8c5f-d1f31b0f5e18","status":200,"totalMs":137,"dbQueryCount":17,"dbMs":136.7,"authMs":24.1}
{"timestamp":"2026-09-30T14:40:57.519Z","level":"info","event":"request_completed","route":"/staff/:stallSlug","requestId":"341b8519-0de4-415b-aa7f-090fe550be82","status":200,"totalMs":67.2,"dbQueryCount":17,"dbMs":67,"authMs":15.5}
{"timestamp":"2026-09-30T14:40:59.599Z","level":"info","event":"request_completed","route":"/staff/:stallSlug","requestId":"056b9920-24b5-4914-b10f-6a50030276ed","status":200,"totalMs":157,"dbQueryCount":17,"dbMs":156.7,"authMs":20.3}
{"timestamp":"2026-09-30T14:41:01.692Z","level":"info","event":"request_completed","route":"/staff/:stallSlug","requestId":"66338817-4ed1-4dea-9200-7cdeb61a4cb8","status":200,"totalMs":211.1,"dbQueryCount":17,"dbMs":210.8,"authMs":15}
{"timestamp":"2026-09-30T14:41:03.712Z","level":"info","event":"request_completed","route":"/staff/:stallSlug","requestId":"63b9cfb3-210d-489d-982b-b28f13d53aff","status":200,"totalMs":69,"dbQueryCount":17,"dbMs":68.8,"authMs":17.8}
{"timestamp":"2026-09-30T14:41:05.689Z","level":"info","event":"request_completed","route":"/staff/:stallSlug","requestId":"35e5fcb0-59d8-4214-84cd-69541ff88c57","status":200,"totalMs":83.2,"dbQueryCount":17,"dbMs":79.9,"authMs":16.9}
{"timestamp":"2026-09-30T14:41:07.590Z","level":"info","event":"request_completed","route":"/staff/:stallSlug","requestId":"bd3c2849-10ed-4ba0-a29b-29ceb169ce1d","status":200,"totalMs":79.6,"dbQueryCount":17,"dbMs":79.2,"authMs":18.7}
{"timestamp":"2026-09-30T14:41:07.805Z","level":"warn","event":"RATE_LIMIT_HIT","requestId":"c918e53d-03ea-4686-bf8e-fcf119420e46","outcome":"DENIED","actorProfileId":"55555555-5555-4555-8555-555555555552"}
{"timestamp":"2026-09-30T14:41:07.805Z","level":"warn","event":"RATE_LIMIT_HIT","requestId":"23a4f904-ef37-45d0-a6ac-e1be1ab10207","outcome":"DENIED","actorProfileId":"55555555-5555-4555-8555-555555555552"}
{"timestamp":"2026-09-30T14:41:08.091Z","level":"warn","event":"RATE_LIMIT_HIT","requestId":"078436fe-1652-449a-8a88-9e1bd18bf045","outcome":"DENIED","actorProfileId":"55555555-5555-4555-8555-555555555552"}
{"timestamp":"2026-09-30T14:41:08.095Z","level":"warn","event":"RATE_LIMIT_HIT","requestId":"302025ed-ca09-4e76-a61c-d2d73ffe67c2","outcome":"DENIED","actorProfileId":"55555555-5555-4555-8555-555555555552"}
{"timestamp":"2026-09-30T14:41:08.232Z","level":"warn","event":"RATE_LIMIT_HIT","requestId":"3e6304b3-afde-43ce-94d1-175183d9903f","outcome":"DENIED","actorProfileId":"55555555-5555-4555-8555-555555555552"}
{"timestamp":"2026-09-30T14:41:09.258Z","level":"warn","event":"RATE_LIMIT_HIT","requestId":"9a99c302-bb73-4b42-9134-e8bd7677676b","outcome":"DENIED","actorProfileId":"55555555-5555-4555-8555-555555555552"}
{"timestamp":"2026-09-30T14:41:11.279Z","level":"warn","event":"RATE_LIMIT_HIT","requestId":"44b5d5b5-b219-4a97-8d9a-7c54dcc01b80","outcome":"DENIED","actorProfileId":"55555555-5555-4555-8555-555555555552"}
{"timestamp":"2026-09-30T14:41:15.343Z","level":"warn","event":"RATE_LIMIT_HIT","requestId":"17a313a6-64e3-4018-bc81-d3c307e496c3","outcome":"DENIED","actorProfileId":"55555555-5555-4555-8555-555555555552"}
{"timestamp":"2026-09-30T14:41:23.106Z","level":"warn","event":"RATE_LIMIT_HIT","requestId":"f0c922e0-d111-42a6-a63d-230c0925ee7b","outcome":"DENIED","actorProfileId":"55555555-5555-4555-8555-555555555552"}
{"timestamp":"2026-09-30T14:41:23.384Z","level":"warn","event":"RATE_LIMIT_HIT","requestId":"c4162efc-cfc2-49e1-b86b-8bac654dec58","outcome":"DENIED","actorProfileId":"55555555-5555-4555-8555-555555555552"}
{"timestamp":"2026-09-30T14:41:38.102Z","level":"warn","event":"RATE_LIMIT_HIT","requestId":"2991e764-b83f-40d0-be9f-ebd7a72b1a27","outcome":"DENIED","actorProfileId":"55555555-5555-4555-8555-555555555552"}
{"timestamp":"2026-09-30T14:41:39.411Z","level":"warn","event":"RATE_LIMIT_HIT","requestId":"1191b3bc-6bf8-48da-8ea2-7fae9005016c","outcome":"DENIED","actorProfileId":"55555555-5555-4555-8555-555555555552"}
{"timestamp":"2026-09-30T14:41:53.106Z","level":"warn","event":"RATE_LIMIT_HIT","requestId":"173c9f4e-b1e1-4efe-a914-e3a1c85219b0","outcome":"DENIED","actorProfileId":"55555555-5555-4555-8555-555555555552"}
{"timestamp":"2026-09-30T14:42:08.104Z","level":"warn","event":"RATE_LIMIT_HIT","requestId":"57fda0f2-2c38-4e8f-90db-ea9cfaf3ab95","outcome":"DENIED","actorProfileId":"55555555-5555-4555-8555-555555555552"}
{"timestamp":"2026-09-30T14:42:09.439Z","level":"warn","event":"RATE_LIMIT_HIT","requestId":"b6a82681-5972-45df-abdf-639dbbcb33ea","outcome":"DENIED","actorProfileId":"55555555-5555-4555-8555-555555555552"}
{"timestamp":"2026-09-30T14:42:23.106Z","level":"warn","event":"RATE_LIMIT_HIT","requestId":"ec34384a-084c-47b2-a3a2-9f5c114c79e2","outcome":"DENIED","actorProfileId":"55555555-5555-4555-8555-555555555552"}
{"timestamp":"2026-09-30T14:42:38.094Z","level":"warn","event":"RATE_LIMIT_HIT","requestId":"28ccd72c-689a-42f7-b41d-47e6aad7e1c5","outcome":"DENIED","actorProfileId":"55555555-5555-4555-8555-555555555552"}
{"timestamp":"2026-09-30T14:42:39.465Z","level":"warn","event":"RATE_LIMIT_HIT","requestId":"c5b653f1-d9b6-4335-99a1-e5bca02e4cc5","outcome":"DENIED","actorProfileId":"55555555-5555-4555-8555-555555555552"}
{"timestamp":"2026-09-30T14:42:53.102Z","level":"warn","event":"RATE_LIMIT_HIT","requestId":"cec0117c-24b6-4d27-90f6-999039c38ab9","outcome":"DENIED","actorProfileId":"55555555-5555-4555-8555-555555555552"}
{"timestamp":"2026-09-30T14:43:08.092Z","level":"warn","event":"RATE_LIMIT_HIT","requestId":"109e9353-b3a3-4627-bf12-1644ee35192b","outcome":"DENIED","actorProfileId":"55555555-5555-4555-8555-555555555552"}
{"timestamp":"2026-09-30T14:43:09.485Z","level":"warn","event":"RATE_LIMIT_HIT","requestId":"f32d2b06-f5cc-49a2-a8ce-123d52a2a21f","outcome":"DENIED","actorProfileId":"55555555-5555-4555-8555-555555555552"}
{"timestamp":"2026-09-30T14:43:23.109Z","level":"warn","event":"RATE_LIMIT_HIT","requestId":"efd50626-094f-4ce1-813f-68c5cbcebf32","outcome":"DENIED","actorProfileId":"55555555-5555-4555-8555-555555555552"}
{"timestamp":"2026-09-30T14:43:38.096Z","level":"warn","event":"RATE_LIMIT_HIT","requestId":"9569d5d5-f920-4ce0-96af-f3d90c016296","outcome":"DENIED","actorProfileId":"55555555-5555-4555-8555-555555555552"}
{"timestamp":"2026-09-30T14:43:39.503Z","level":"warn","event":"RATE_LIMIT_HIT","requestId":"18bde2c6-4227-4a52-85b3-e758e2ec7a3a","outcome":"DENIED","actorProfileId":"55555555-5555-4555-8555-555555555552"}
{"timestamp":"2026-09-30T14:43:53.099Z","level":"warn","event":"RATE_LIMIT_HIT","requestId":"d6bbd1c8-7b65-48eb-b9b3-0bc8da47852e","outcome":"DENIED","actorProfileId":"55555555-5555-4555-8555-555555555552"}
{"timestamp":"2026-09-30T14:44:08.103Z","level":"warn","event":"RATE_LIMIT_HIT","requestId":"44f5b6d8-c220-4c63-a2e4-e3d30b28d56f","outcome":"DENIED","actorProfileId":"55555555-5555-4555-8555-555555555552"}
{"timestamp":"2026-09-30T14:44:09.527Z","level":"warn","event":"RATE_LIMIT_HIT","requestId":"0592c854-3ffd-4315-8cd1-ee7186cd0227","outcome":"DENIED","actorProfileId":"55555555-5555-4555-8555-555555555552"}
{"timestamp":"2026-09-30T14:44:23.102Z","level":"warn","event":"RATE_LIMIT_HIT","requestId":"0b78bdef-71f2-4021-b79d-201475d974a3","outcome":"DENIED","actorProfileId":"55555555-5555-4555-8555-555555555552"}
{"timestamp":"2026-09-30T14:44:26.596Z","level":"info","event":"request_completed","route":"/staff/:stallSlug","requestId":"7f57efda-8989-493a-91fa-6ab449b0be2d","status":200,"totalMs":141.5,"dbQueryCount":17,"dbMs":141.2,"authMs":50.3}
{"timestamp":"2026-09-30T14:44:28.418Z","level":"info","event":"request_completed","route":"/staff/:stallSlug","requestId":"1d0ca71d-a7dc-405e-a4e6-7014818a08f4","status":200,"totalMs":110.7,"dbQueryCount":17,"dbMs":110,"authMs":32.7}
{"timestamp":"2026-09-30T14:44:30.233Z","level":"info","event":"request_completed","route":"/staff/:stallSlug","requestId":"dd2a9a87-a7d7-474e-b88c-a86fda1fb03d","status":200,"totalMs":118.6,"dbQueryCount":17,"dbMs":118.3,"authMs":27.5}
{"timestamp":"2026-09-30T14:44:32.087Z","level":"info","event":"request_completed","route":"/staff/:stallSlug","requestId":"752e9677-b518-4960-b979-f7de6a7d960b","status":200,"totalMs":98.6,"dbQueryCount":17,"dbMs":98.3,"authMs":29.3}
{"timestamp":"2026-09-30T14:44:33.909Z","level":"info","event":"request_completed","route":"/staff/:stallSlug","requestId":"2accd067-ece4-4b0f-a281-b996f23c180c","status":200,"totalMs":115.9,"dbQueryCount":17,"dbMs":115.6,"authMs":23.5}
{"timestamp":"2026-09-30T14:44:35.727Z","level":"info","event":"request_completed","route":"/staff/:stallSlug","requestId":"69295e3e-18a5-4ce0-917b-371d30c32adf","status":200,"totalMs":100.4,"dbQueryCount":17,"dbMs":100.1,"authMs":19.7}
{"timestamp":"2026-09-30T14:44:37.529Z","level":"info","event":"request_completed","route":"/staff/:stallSlug","requestId":"eacdf6f7-c49e-4b6d-b5ad-2299beeb2c73","status":200,"totalMs":80.6,"dbQueryCount":17,"dbMs":80.4,"authMs":29.5}
{"timestamp":"2026-09-30T14:44:39.504Z","level":"info","event":"request_completed","route":"/staff/:stallSlug","requestId":"c3c61532-f81e-4592-a720-d02a121dfee4","status":200,"totalMs":86.3,"dbQueryCount":17,"dbMs":86,"authMs":16.8}
{"timestamp":"2026-09-30T14:44:41.560Z","level":"info","event":"request_completed","route":"/staff/:stallSlug","requestId":"192542ab-e601-46c4-b53e-8a6144a6a85d","status":200,"totalMs":110.6,"dbQueryCount":17,"dbMs":110.4,"authMs":17.8}
{"timestamp":"2026-09-30T14:44:43.611Z","level":"info","event":"request_completed","route":"/staff/:stallSlug","requestId":"3847c4ca-7c1a-41f5-b78c-5748edfc872a","status":200,"totalMs":135.7,"dbQueryCount":17,"dbMs":135.4,"authMs":43.9}
{"timestamp":"2026-09-30T14:44:45.474Z","level":"info","event":"request_completed","route":"/staff/:stallSlug","requestId":"bc28db2e-05cf-48d8-8942-e4a4474b2ec7","status":200,"totalMs":110,"dbQueryCount":17,"dbMs":109.6,"authMs":23.4}
{"timestamp":"2026-09-30T14:44:47.461Z","level":"info","event":"request_completed","route":"/kitchen","requestId":"de854a8b-5a85-4c4d-9c90-30904591919a","status":200,"totalMs":92.3,"dbQueryCount":9,"dbMs":92.1,"authMs":44.5}
{"timestamp":"2026-09-30T14:44:48.921Z","level":"info","event":"request_completed","route":"/kitchen","requestId":"55141d94-79ac-4a78-a60c-897dd79fff33","status":200,"totalMs":86.7,"dbQueryCount":9,"dbMs":86.6,"authMs":39.7}
{"timestamp":"2026-09-30T14:44:50.370Z","level":"info","event":"request_completed","route":"/kitchen","requestId":"19849ebf-f429-4ecf-a701-6c84cf012a7d","status":200,"totalMs":83.9,"dbQueryCount":9,"dbMs":83.7,"authMs":37.2}
{"timestamp":"2026-09-30T14:44:51.812Z","level":"info","event":"request_completed","route":"/kitchen","requestId":"40726d1c-3274-4661-87b0-ec199796d876","status":200,"totalMs":99.5,"dbQueryCount":9,"dbMs":99.3,"authMs":32.6}
{"timestamp":"2026-09-30T14:44:53.265Z","level":"info","event":"request_completed","route":"/kitchen","requestId":"b23e0e32-5b32-435f-b15d-e50d9c33911c","status":200,"totalMs":95.3,"dbQueryCount":9,"dbMs":95.2,"authMs":44.6}
{"timestamp":"2026-09-30T14:44:54.725Z","level":"info","event":"request_completed","route":"/kitchen","requestId":"a8fb6094-8457-4a83-9c58-ee2724e12964","status":200,"totalMs":90,"dbQueryCount":9,"dbMs":89.9,"authMs":44.8}
{"timestamp":"2026-09-30T14:44:56.138Z","level":"info","event":"request_completed","route":"/kitchen","requestId":"0013431d-c878-47fe-a6eb-532e82b5dd45","status":200,"totalMs":68.7,"dbQueryCount":9,"dbMs":68.5,"authMs":25.5}
{"timestamp":"2026-09-30T14:44:57.596Z","level":"info","event":"request_completed","route":"/kitchen","requestId":"3ebc70c7-9ce1-45c5-8c10-11eefc46f870","status":200,"totalMs":80.2,"dbQueryCount":9,"dbMs":80,"authMs":33.8}
{"timestamp":"2026-09-30T14:44:59.066Z","level":"info","event":"request_completed","route":"/kitchen","requestId":"24da4246-993e-493f-9d43-e8c61af4cfa8","status":200,"totalMs":82.9,"dbQueryCount":9,"dbMs":82.8,"authMs":42}
{"timestamp":"2026-09-30T14:45:00.516Z","level":"info","event":"request_completed","route":"/kitchen","requestId":"02c4dddb-746f-48bc-a25a-d2909fc40278","status":200,"totalMs":91.4,"dbQueryCount":9,"dbMs":91.2,"authMs":46.1}
{"timestamp":"2026-09-30T14:45:02.211Z","level":"info","event":"request_completed","route":"/kitchen","requestId":"6a81ba11-d9bb-4fd5-b861-6948698d71c1","status":200,"totalMs":198.6,"dbQueryCount":9,"dbMs":198.4,"authMs":106.3}
{"timestamp":"2026-09-30T14:45:14.706Z","level":"info","event":"request_completed","route":"/api/stalls/:stallSlug/kitchen/board","requestId":"bdc38118-6aa7-4b9b-91da-c8273f28306e","status":200,"totalMs":116.7,"dbQueryCount":9,"dbMs":115.6,"authMs":62.8}
{"timestamp":"2026-09-30T14:45:26.687Z","level":"info","event":"request_completed","route":"/api/stalls/:stallSlug/kitchen/board","requestId":"88a8c8ae-2504-4ad0-8985-b8f276d7762b","status":200,"totalMs":99.5,"dbQueryCount":9,"dbMs":98.3,"authMs":48.4}
{"timestamp":"2026-09-30T14:45:38.676Z","level":"info","event":"request_completed","route":"/api/stalls/:stallSlug/kitchen/board","requestId":"4b8e7061-67b3-4d41-884b-10c2d540469c","status":200,"totalMs":80.4,"dbQueryCount":9,"dbMs":79.4,"authMs":31.5}
{"timestamp":"2026-09-30T14:45:50.676Z","level":"info","event":"request_completed","route":"/api/stalls/:stallSlug/kitchen/board","requestId":"bb7bf4fb-e0d2-4699-b2c8-90f33b69e524","status":200,"totalMs":85.5,"dbQueryCount":9,"dbMs":84.5,"authMs":39.9}
{"timestamp":"2026-09-30T14:46:02.745Z","level":"info","event":"request_completed","route":"/api/stalls/:stallSlug/kitchen/board","requestId":"31fc196f-0d6c-4fa6-956a-99a23624fcbb","status":200,"totalMs":156.4,"dbQueryCount":9,"dbMs":155.3,"authMs":85.8}
{"timestamp":"2026-09-30T14:46:04.966Z","level":"info","event":"request_completed","route":"/kitchen","requestId":"5e11000a-e9e6-4f52-baf9-c84509671857","status":200,"totalMs":144.8,"dbQueryCount":9,"dbMs":144.6,"authMs":87.6}
{"timestamp":"2026-09-30T14:46:06.728Z","level":"info","event":"request_completed","route":"/kitchen","requestId":"6d555436-56d1-43d9-aa94-859c4e91878e","status":200,"totalMs":198.7,"dbQueryCount":9,"dbMs":198.5,"authMs":134.1}
{"timestamp":"2026-09-30T14:46:08.391Z","level":"info","event":"request_completed","route":"/kitchen","requestId":"73da71ab-1fcb-42c4-b742-8ec3ef0e6fea","status":200,"totalMs":145.3,"dbQueryCount":9,"dbMs":145,"authMs":86.6}
{"timestamp":"2026-09-30T14:46:20.813Z","level":"info","event":"request_completed","route":"/api/stalls/:stallSlug/kitchen/board","requestId":"6fcf3218-7b00-476a-98da-45d978fe9f47","status":200,"totalMs":59.6,"dbQueryCount":9,"dbMs":58.7,"authMs":15.4}
{"timestamp":"2026-09-30T14:46:32.866Z","level":"info","event":"request_completed","route":"/api/stalls/:stallSlug/kitchen/board","requestId":"449613f1-96a6-478b-a0c1-e4a40dfb58e9","status":200,"totalMs":95,"dbQueryCount":9,"dbMs":94,"authMs":40.7}
{"timestamp":"2026-09-30T14:46:44.829Z","level":"info","event":"request_completed","route":"/api/stalls/:stallSlug/kitchen/board","requestId":"caee7f23-05ff-46c5-976c-ba35d33a2e43","status":200,"totalMs":72.7,"dbQueryCount":9,"dbMs":71.8,"authMs":28.7}
{"timestamp":"2026-09-30T14:46:56.838Z","level":"info","event":"request_completed","route":"/api/stalls/:stallSlug/kitchen/board","requestId":"66ac5c83-2707-404b-8d18-4f86986cb7f8","status":200,"totalMs":69.5,"dbQueryCount":9,"dbMs":68.6,"authMs":27.3}
{"timestamp":"2026-09-30T14:47:08.849Z","level":"info","event":"request_completed","route":"/api/stalls/:stallSlug/kitchen/board","requestId":"bc3963b6-c91f-446f-af52-a4d39a238ba7","status":200,"totalMs":88,"dbQueryCount":9,"dbMs":86.6,"authMs":43.5}
{"timestamp":"2026-09-30T14:47:11.023Z","level":"info","event":"request_completed","route":"/kitchen","requestId":"ce3cb287-b33e-4fc9-94b8-b3b818418833","status":200,"totalMs":72.8,"dbQueryCount":9,"dbMs":72.6,"authMs":29.1}
{"timestamp":"2026-09-30T14:47:12.412Z","level":"info","event":"request_completed","route":"/kitchen","requestId":"af1114bc-895b-4c6b-8450-5d88cc5d73ec","status":200,"totalMs":76.4,"dbQueryCount":9,"dbMs":76.3,"authMs":32.6}
{"timestamp":"2026-09-30T14:47:13.795Z","level":"info","event":"request_completed","route":"/kitchen","requestId":"dbaac207-fd5e-412e-9873-86f8945f5abd","status":200,"totalMs":65.4,"dbQueryCount":9,"dbMs":65.2,"authMs":22.5}
{"timestamp":"2026-09-30T14:47:15.170Z","level":"info","event":"request_completed","route":"/kitchen","requestId":"74c1ed79-71d9-4e35-b395-b114f630ce1c","status":200,"totalMs":69.9,"dbQueryCount":9,"dbMs":69.7,"authMs":28.1}
{"timestamp":"2026-09-30T14:47:16.591Z","level":"info","event":"request_completed","route":"/kitchen","requestId":"f9f22dca-9b00-4c85-974f-84c57a1c691f","status":200,"totalMs":63.9,"dbQueryCount":9,"dbMs":63.6,"authMs":28.6}
{"timestamp":"2026-09-30T14:47:17.996Z","level":"info","event":"request_completed","route":"/kitchen","requestId":"917fd62b-364f-4a90-864d-7b44f1f77239","status":200,"totalMs":83.2,"dbQueryCount":9,"dbMs":83,"authMs":22}
{"timestamp":"2026-09-30T14:47:19.462Z","level":"info","event":"request_completed","route":"/kitchen","requestId":"c74fd91f-d645-4942-9b15-48bb110c647f","status":200,"totalMs":94.7,"dbQueryCount":9,"dbMs":94.6,"authMs":26.4}
{"timestamp":"2026-09-30T14:47:20.875Z","level":"info","event":"request_completed","route":"/kitchen","requestId":"bd256df6-e388-4e8b-aaaf-707a287e1397","status":200,"totalMs":64.1,"dbQueryCount":9,"dbMs":63.9,"authMs":20.7}
{"timestamp":"2026-09-30T14:47:22.243Z","level":"info","event":"request_completed","route":"/kitchen","requestId":"0b022c0f-56b9-4f30-b206-89f9a47f2106","status":200,"totalMs":71.5,"dbQueryCount":9,"dbMs":71.2,"authMs":26.2}
{"timestamp":"2026-09-30T14:47:23.623Z","level":"info","event":"request_completed","route":"/kitchen","requestId":"dbc1006e-8f90-4594-9b60-db1a172bfdac","status":200,"totalMs":79.5,"dbQueryCount":9,"dbMs":79.3,"authMs":31.3}
{"timestamp":"2026-09-30T14:47:24.974Z","level":"info","event":"request_completed","route":"/kitchen","requestId":"907c487d-4ee1-4916-aca6-42c3d5f3aa19","status":200,"totalMs":65.7,"dbQueryCount":9,"dbMs":65.5,"authMs":32.1}
{"timestamp":"2026-09-30T14:47:26.329Z","level":"info","event":"request_completed","route":"/kitchen","requestId":"c96fe064-763e-4644-bf7b-39c5bbb06325","status":200,"totalMs":66.3,"dbQueryCount":9,"dbMs":66.1,"authMs":24}
{"timestamp":"2026-09-30T14:47:27.705Z","level":"info","event":"request_completed","route":"/kitchen","requestId":"40e9833c-2c7b-4e31-86d3-3e33141719aa","status":200,"totalMs":62.5,"dbQueryCount":9,"dbMs":62.3,"authMs":26.8}
{"timestamp":"2026-09-30T14:47:39.955Z","level":"info","event":"request_completed","route":"/api/stalls/:stallSlug/kitchen/board","requestId":"5ee83412-1a41-4cfc-979b-11934ad3ab71","status":200,"totalMs":64.2,"dbQueryCount":9,"dbMs":63.1,"authMs":19.2}
{"timestamp":"2026-09-30T14:47:51.968Z","level":"info","event":"request_completed","route":"/api/stalls/:stallSlug/kitchen/board","requestId":"df237782-d8d3-4721-812d-db943a587952","status":200,"totalMs":69.7,"dbQueryCount":9,"dbMs":68.7,"authMs":20.5}
{"timestamp":"2026-09-30T14:48:03.978Z","level":"info","event":"request_completed","route":"/api/stalls/:stallSlug/kitchen/board","requestId":"5ffad9c3-abf8-475c-8854-14c0e63373c3","status":200,"totalMs":77.6,"dbQueryCount":9,"dbMs":76.6,"authMs":30.9}
{"timestamp":"2026-09-30T14:48:15.999Z","level":"info","event":"request_completed","route":"/api/stalls/:stallSlug/kitchen/board","requestId":"6c1637c1-0d5b-41cd-989f-80fb75dc6bb5","status":200,"totalMs":94,"dbQueryCount":9,"dbMs":92.9,"authMs":42.8}
{"timestamp":"2026-09-30T14:48:27.963Z","level":"info","event":"request_completed","route":"/api/stalls/:stallSlug/kitchen/board","requestId":"1054772e-6a05-44b3-b89e-74bad71cfaef","status":200,"totalMs":72.9,"dbQueryCount":9,"dbMs":71.9,"authMs":27}
{"timestamp":"2026-09-30T14:48:30.107Z","level":"info","event":"request_completed","route":"/kitchen","requestId":"f77c7911-b8c5-4272-8327-e12d7475b055","status":200,"totalMs":63,"dbQueryCount":9,"dbMs":62.8,"authMs":26.5}
{"timestamp":"2026-09-30T14:48:31.486Z","level":"info","event":"request_completed","route":"/kitchen","requestId":"1a5f637d-98f1-4d09-9bf1-cbb3717bb1ce","status":200,"totalMs":62,"dbQueryCount":9,"dbMs":61.8,"authMs":27.8}
{"timestamp":"2026-09-30T14:48:32.918Z","level":"info","event":"request_completed","route":"/kitchen","requestId":"5c98b2e9-3285-4ee3-b9a7-d690e1c1402c","status":200,"totalMs":58.6,"dbQueryCount":9,"dbMs":58.4,"authMs":23.1}
{"timestamp":"2026-09-30T14:48:34.256Z","level":"info","event":"request_completed","route":"/kitchen","requestId":"3d4bc150-2546-4f98-881c-41ff85306d8c","status":200,"totalMs":59.5,"dbQueryCount":9,"dbMs":59.3,"authMs":21.7}
{"timestamp":"2026-09-30T14:48:35.773Z","level":"info","event":"request_completed","route":"/kitchen","requestId":"3eff7b7b-6a7d-4240-8241-e943959cc217","status":200,"totalMs":211.6,"dbQueryCount":9,"dbMs":211.4,"authMs":23.5}
{"timestamp":"2026-09-30T14:48:37.143Z","level":"info","event":"request_completed","route":"/kitchen","requestId":"c34811eb-30fb-4e56-bccc-36fc9ef85852","status":200,"totalMs":63.5,"dbQueryCount":9,"dbMs":63.3,"authMs":24.5}
{"timestamp":"2026-09-30T14:48:38.517Z","level":"info","event":"request_completed","route":"/kitchen","requestId":"586ff9ce-f01f-460e-a611-d54004e20252","status":200,"totalMs":72.5,"dbQueryCount":9,"dbMs":72.3,"authMs":21.3}
{"timestamp":"2026-09-30T14:48:39.818Z","level":"info","event":"request_completed","route":"/kitchen","requestId":"822de182-845c-4b41-8ca4-89eeaddc1f19","status":200,"totalMs":68.5,"dbQueryCount":9,"dbMs":68.2,"authMs":23.2}
{"timestamp":"2026-09-30T14:48:41.131Z","level":"info","event":"request_completed","route":"/kitchen","requestId":"ecbac522-1583-4d70-877f-b920c30c8a57","status":200,"totalMs":59.4,"dbQueryCount":9,"dbMs":59.1,"authMs":24.4}
{"timestamp":"2026-09-30T14:48:42.411Z","level":"info","event":"request_completed","route":"/kitchen","requestId":"bf5313d7-bf1e-4a6d-be10-c7596aa28a54","status":200,"totalMs":56.2,"dbQueryCount":9,"dbMs":56.1,"authMs":20}
{"timestamp":"2026-09-30T14:48:43.740Z","level":"info","event":"request_completed","route":"/kitchen","requestId":"0c531fae-b5c0-4a49-af82-add8f0bf10c1","status":200,"totalMs":81.9,"dbQueryCount":9,"dbMs":80.7,"authMs":39.8}
{"timestamp":"2026-09-30T14:48:45.019Z","level":"info","event":"request_completed","route":"/kitchen","requestId":"66912758-895d-4b59-a039-5446609772a1","status":200,"totalMs":66.2,"dbQueryCount":9,"dbMs":66,"authMs":27.5}
{"timestamp":"2026-09-30T14:48:46.290Z","level":"info","event":"request_completed","route":"/kitchen","requestId":"beb55d75-a7c6-4b42-a94f-1b3dd6caf3b5","status":200,"totalMs":59.5,"dbQueryCount":9,"dbMs":59.3,"authMs":24.1}
{"timestamp":"2026-09-30T14:48:58.522Z","level":"info","event":"request_completed","route":"/api/stalls/:stallSlug/kitchen/board","requestId":"e5de1111-e363-4ad4-97e9-fb13299afd31","status":200,"totalMs":61.8,"dbQueryCount":9,"dbMs":60.1,"authMs":24.1}
{"timestamp":"2026-09-30T14:49:10.535Z","level":"info","event":"request_completed","route":"/api/stalls/:stallSlug/kitchen/board","requestId":"a3601d74-b652-45ec-84da-d8fdb26406ac","status":200,"totalMs":76.9,"dbQueryCount":9,"dbMs":75.9,"authMs":31.4}
{"timestamp":"2026-09-30T14:49:22.539Z","level":"info","event":"request_completed","route":"/api/stalls/:stallSlug/kitchen/board","requestId":"eb672168-65cb-482e-8099-c921baa97b42","status":200,"totalMs":72.1,"dbQueryCount":9,"dbMs":70.9,"authMs":20.3}
{"timestamp":"2026-09-30T14:49:34.580Z","level":"info","event":"request_completed","route":"/api/stalls/:stallSlug/kitchen/board","requestId":"9fcb5db8-0fd7-4df4-aa10-312e252d2046","status":200,"totalMs":112,"dbQueryCount":9,"dbMs":111,"authMs":62.1}
{"timestamp":"2026-09-30T14:49:46.584Z","level":"info","event":"request_completed","route":"/api/stalls/:stallSlug/kitchen/board","requestId":"160073a4-3685-44ae-ab7d-32dd2bc5450d","status":200,"totalMs":124,"dbQueryCount":9,"dbMs":122.8,"authMs":63.1}
{"timestamp":"2026-09-30T14:49:48.660Z","level":"info","event":"request_completed","route":"/kitchen","requestId":"54032fe1-c8d0-487b-8f40-9a14d873d011","status":200,"totalMs":137,"dbQueryCount":9,"dbMs":136.6,"authMs":63.3}
{"timestamp":"2026-09-30T14:49:50.397Z","level":"info","event":"request_completed","route":"/kitchen","requestId":"1a498425-2f82-45fb-a600-23e35880edcf","status":200,"totalMs":231.4,"dbQueryCount":9,"dbMs":231.3,"authMs":67.2}
{"timestamp":"2026-09-30T14:49:51.942Z","level":"info","event":"request_completed","route":"/kitchen","requestId":"3f139aaf-fac5-4389-9d8f-6a3b00f6fa7b","status":200,"totalMs":152,"dbQueryCount":9,"dbMs":151.8,"authMs":66.4}
{"timestamp":"2026-09-30T14:49:53.528Z","level":"info","event":"request_completed","route":"/kitchen","requestId":"e49af93b-6342-47b9-8567-d1b6afbba561","status":200,"totalMs":101.7,"dbQueryCount":9,"dbMs":101.5,"authMs":46.8}
{"timestamp":"2026-09-30T14:49:54.834Z","level":"info","event":"request_completed","route":"/kitchen","requestId":"8941a249-a996-4ea4-8843-8cbeb3e369c7","status":200,"totalMs":89,"dbQueryCount":9,"dbMs":88.2,"authMs":41.5}
{"timestamp":"2026-09-30T14:49:56.115Z","level":"info","event":"request_completed","route":"/kitchen","requestId":"6152dc12-a076-49bb-915e-e50d6b8d023a","status":200,"totalMs":86.8,"dbQueryCount":9,"dbMs":86.6,"authMs":40.7}
{"timestamp":"2026-09-30T14:49:57.766Z","level":"info","event":"request_completed","route":"/kitchen","requestId":"7a65ea1e-42bb-4e7f-b8ea-dca916563486","status":200,"totalMs":113.1,"dbQueryCount":9,"dbMs":112.7,"authMs":57.6}
{"timestamp":"2026-09-30T14:49:59.066Z","level":"info","event":"request_completed","route":"/kitchen","requestId":"9d9c9b99-5300-4510-bf6f-4a9d2b9c507f","status":200,"totalMs":112.7,"dbQueryCount":9,"dbMs":112.4,"authMs":64.7}
{"timestamp":"2026-09-30T14:50:00.353Z","level":"info","event":"request_completed","route":"/kitchen","requestId":"0f5b8b42-cd13-4476-b537-5a754d68d2a0","status":200,"totalMs":84,"dbQueryCount":9,"dbMs":83.8,"authMs":31.3}
{"timestamp":"2026-09-30T14:50:01.665Z","level":"info","event":"request_completed","route":"/kitchen","requestId":"d4bcab8e-06df-4ec9-9eb9-4756e829e2fd","status":200,"totalMs":91,"dbQueryCount":9,"dbMs":89.2,"authMs":38.9}
{"timestamp":"2026-09-30T14:50:03.010Z","level":"info","event":"request_completed","route":"/kitchen","requestId":"fd3a0a91-59a0-45fa-b670-47bcf069763d","status":200,"totalMs":77.9,"dbQueryCount":9,"dbMs":77.6,"authMs":30.6}
{"timestamp":"2026-09-30T14:50:04.293Z","level":"info","event":"request_completed","route":"/kitchen","requestId":"51b11604-da9a-4098-811a-5f9b9f1b6994","status":200,"totalMs":81,"dbQueryCount":9,"dbMs":80.9,"authMs":30.5}
{"timestamp":"2026-09-30T14:50:05.596Z","level":"info","event":"request_completed","route":"/kitchen","requestId":"1a0d391f-cfd0-4ba9-be8d-356baa728c70","status":200,"totalMs":80.1,"dbQueryCount":9,"dbMs":78.5,"authMs":35.2}
{"timestamp":"2026-09-30T14:50:06.904Z","level":"info","event":"request_completed","route":"/kitchen","requestId":"0320a351-a6a1-4efc-821e-5d386cf67107","status":200,"totalMs":80.2,"dbQueryCount":9,"dbMs":79.7,"authMs":37.5}
{"timestamp":"2026-09-30T14:50:08.208Z","level":"info","event":"request_completed","route":"/kitchen","requestId":"f20d36fa-80dd-4d74-8e47-44b521815a28","status":200,"totalMs":101.8,"dbQueryCount":9,"dbMs":101.4,"authMs":26.9}
{"timestamp":"2026-09-30T14:50:09.561Z","level":"info","event":"request_completed","route":"/kitchen","requestId":"45793506-96f6-43de-a48b-cddd1e918a2b","status":200,"totalMs":106.6,"dbQueryCount":9,"dbMs":106.4,"authMs":59.1}
{"timestamp":"2026-09-30T14:50:21.877Z","level":"info","event":"request_completed","route":"/api/stalls/:stallSlug/kitchen/board","requestId":"684ede35-d026-4410-9c6c-52d0a4f11954","status":200,"totalMs":104.8,"dbQueryCount":9,"dbMs":103.2,"authMs":47}
{"timestamp":"2026-09-30T14:50:33.871Z","level":"info","event":"request_completed","route":"/api/stalls/:stallSlug/kitchen/board","requestId":"de037d5b-2dae-474a-b2e4-15218dc772d2","status":200,"totalMs":100.7,"dbQueryCount":9,"dbMs":99.8,"authMs":56.8}
{"timestamp":"2026-09-30T14:50:45.832Z","level":"info","event":"request_completed","route":"/api/stalls/:stallSlug/kitchen/board","requestId":"18768e0b-0136-4b32-b9ab-7732c23c9199","status":200,"totalMs":70.1,"dbQueryCount":9,"dbMs":69.2,"authMs":22}
{"timestamp":"2026-09-30T14:50:57.845Z","level":"info","event":"request_completed","route":"/api/stalls/:stallSlug/kitchen/board","requestId":"30122dcb-e8b6-4084-a810-2b21be780fc9","status":200,"totalMs":73.9,"dbQueryCount":9,"dbMs":72.7,"authMs":27.8}
{"timestamp":"2026-09-30T14:51:09.847Z","level":"info","event":"request_completed","route":"/api/stalls/:stallSlug/kitchen/board","requestId":"fe5fd9b9-ae50-449a-beb1-4268eba4911b","status":200,"totalMs":80.8,"dbQueryCount":9,"dbMs":79.7,"authMs":21.8}
{"timestamp":"2026-09-30T14:51:11.956Z","level":"info","event":"request_completed","route":"/kitchen","requestId":"e9b7dbe1-ae42-478f-9f4e-6811e0d7b642","status":200,"totalMs":109.9,"dbQueryCount":9,"dbMs":109.4,"authMs":38.2}
{"timestamp":"2026-09-30T14:51:13.284Z","level":"info","event":"request_completed","route":"/kitchen","requestId":"ccb1758d-d706-40cc-86fc-73dba3997ded","status":200,"totalMs":91.5,"dbQueryCount":9,"dbMs":91.3,"authMs":39.9}
{"timestamp":"2026-09-30T14:51:14.575Z","level":"info","event":"request_completed","route":"/kitchen","requestId":"8ee5ba19-e56b-411b-876e-261c2c249976","status":200,"totalMs":87,"dbQueryCount":9,"dbMs":86.9,"authMs":37}
{"timestamp":"2026-09-30T14:51:15.885Z","level":"info","event":"request_completed","route":"/kitchen","requestId":"d51d6b2d-5e74-4526-aae7-8aafddb35ec1","status":200,"totalMs":90.9,"dbQueryCount":9,"dbMs":90.7,"authMs":44.2}
{"timestamp":"2026-09-30T14:51:17.171Z","level":"info","event":"request_completed","route":"/kitchen","requestId":"7bd21811-fc91-4d9b-ae84-54ea5594bf56","status":200,"totalMs":71,"dbQueryCount":9,"dbMs":70.9,"authMs":29.6}
{"timestamp":"2026-09-30T14:51:18.471Z","level":"info","event":"request_completed","route":"/kitchen","requestId":"3b0909ea-67f1-42c4-bc1c-b1b9a8e4fd73","status":200,"totalMs":94.9,"dbQueryCount":9,"dbMs":94.7,"authMs":26.2}
{"timestamp":"2026-09-30T14:51:19.798Z","level":"info","event":"request_completed","route":"/kitchen","requestId":"fb0f5c8e-4ceb-402d-af9c-b5bec41d4cef","status":200,"totalMs":99.9,"dbQueryCount":9,"dbMs":99.7,"authMs":35}
{"timestamp":"2026-09-30T14:51:21.128Z","level":"info","event":"request_completed","route":"/kitchen","requestId":"a4834bd2-d316-4c34-b87c-1c582b140f88","status":200,"totalMs":83.5,"dbQueryCount":9,"dbMs":83.3,"authMs":34.1}
{"timestamp":"2026-09-30T14:51:22.395Z","level":"info","event":"request_completed","route":"/kitchen","requestId":"7a642926-5db5-437a-aea7-a3556fe56311","status":200,"totalMs":65.4,"dbQueryCount":9,"dbMs":65.2,"authMs":24.6}
{"timestamp":"2026-09-30T14:51:23.703Z","level":"info","event":"request_completed","route":"/kitchen","requestId":"b0c81a00-b777-4d09-8f39-3981b82fe05e","status":200,"totalMs":69.6,"dbQueryCount":9,"dbMs":69.5,"authMs":30.6}
{"timestamp":"2026-09-30T14:51:25.162Z","level":"info","event":"DATABASE_READ_ROUTED","operation":"cancellation_reason_report","policy":"DR_PREFERRED_EVENTUAL","target":"PRIMARY","reason":"FEATURE_DISABLED"}
{"timestamp":"2026-09-30T14:51:25.162Z","level":"info","event":"DATABASE_READ_ROUTED","operation":"hourly_sales_report","policy":"DR_PREFERRED_EVENTUAL","target":"PRIMARY","reason":"FEATURE_DISABLED"}
{"timestamp":"2026-09-30T14:51:25.169Z","level":"info","event":"request_completed","route":"/merchant/reports/overview","requestId":"6e47d26c-a145-4d20-bf72-2d62427c8765","status":200,"totalMs":38.5,"dbQueryCount":9,"dbMs":35.8,"authMs":15.6}
{"timestamp":"2026-09-30T14:51:25.568Z","level":"info","event":"DATABASE_READ_ROUTED","operation":"cancellation_reason_report","policy":"DR_PREFERRED_EVENTUAL","target":"PRIMARY","reason":"FEATURE_DISABLED"}
{"timestamp":"2026-09-30T14:51:25.569Z","level":"info","event":"DATABASE_READ_ROUTED","operation":"hourly_sales_report","policy":"DR_PREFERRED_EVENTUAL","target":"PRIMARY","reason":"FEATURE_DISABLED"}
{"timestamp":"2026-09-30T14:51:25.573Z","level":"info","event":"request_completed","route":"/merchant/reports/overview","requestId":"696993c8-0aaa-4b12-b1cf-75ccbbc024d4","status":200,"totalMs":30.4,"dbQueryCount":9,"dbMs":30.2,"authMs":13.6}
{"timestamp":"2026-09-30T14:51:25.977Z","level":"info","event":"DATABASE_READ_ROUTED","operation":"hourly_sales_report","policy":"DR_PREFERRED_EVENTUAL","target":"PRIMARY","reason":"FEATURE_DISABLED"}
{"timestamp":"2026-09-30T14:51:25.978Z","level":"info","event":"DATABASE_READ_ROUTED","operation":"cancellation_reason_report","policy":"DR_PREFERRED_EVENTUAL","target":"PRIMARY","reason":"FEATURE_DISABLED"}
{"timestamp":"2026-09-30T14:51:25.983Z","level":"info","event":"request_completed","route":"/merchant/reports/overview","requestId":"65e5afb9-3cd5-49c5-902a-b6450f695bd6","status":200,"totalMs":33,"dbQueryCount":9,"dbMs":32.7,"authMs":18.3}
{"timestamp":"2026-09-30T14:51:26.400Z","level":"info","event":"DATABASE_READ_ROUTED","operation":"hourly_sales_report","policy":"DR_PREFERRED_EVENTUAL","target":"PRIMARY","reason":"FEATURE_DISABLED"}
{"timestamp":"2026-09-30T14:51:26.401Z","level":"info","event":"DATABASE_READ_ROUTED","operation":"cancellation_reason_report","policy":"DR_PREFERRED_EVENTUAL","target":"PRIMARY","reason":"FEATURE_DISABLED"}
{"timestamp":"2026-09-30T14:51:26.406Z","level":"info","event":"request_completed","route":"/merchant/reports/overview","requestId":"28122a1a-84d5-465f-8828-fc2d0c3ed25a","status":200,"totalMs":39.6,"dbQueryCount":9,"dbMs":39.4,"authMs":20.6}
{"timestamp":"2026-09-30T14:51:26.808Z","level":"info","event":"DATABASE_READ_ROUTED","operation":"cancellation_reason_report","policy":"DR_PREFERRED_EVENTUAL","target":"PRIMARY","reason":"FEATURE_DISABLED"}
{"timestamp":"2026-09-30T14:51:26.809Z","level":"info","event":"DATABASE_READ_ROUTED","operation":"hourly_sales_report","policy":"DR_PREFERRED_EVENTUAL","target":"PRIMARY","reason":"FEATURE_DISABLED"}
{"timestamp":"2026-09-30T14:51:26.813Z","level":"info","event":"request_completed","route":"/merchant/reports/overview","requestId":"b80b0365-4170-4e57-85dd-36bd23af6e31","status":200,"totalMs":34.6,"dbQueryCount":9,"dbMs":34.5,"authMs":16}
{"timestamp":"2026-09-30T14:51:27.227Z","level":"info","event":"DATABASE_READ_ROUTED","operation":"cancellation_reason_report","policy":"DR_PREFERRED_EVENTUAL","target":"PRIMARY","reason":"FEATURE_DISABLED"}
{"timestamp":"2026-09-30T14:51:27.227Z","level":"info","event":"DATABASE_READ_ROUTED","operation":"hourly_sales_report","policy":"DR_PREFERRED_EVENTUAL","target":"PRIMARY","reason":"FEATURE_DISABLED"}
{"timestamp":"2026-09-30T14:51:27.233Z","level":"info","event":"request_completed","route":"/merchant/reports/overview","requestId":"b2af420e-3abc-4599-baa5-46ec06d45aa7","status":200,"totalMs":49.9,"dbQueryCount":9,"dbMs":49.7,"authMs":14.4}
{"timestamp":"2026-09-30T14:51:27.635Z","level":"info","event":"DATABASE_READ_ROUTED","operation":"hourly_sales_report","policy":"DR_PREFERRED_EVENTUAL","target":"PRIMARY","reason":"FEATURE_DISABLED"}
{"timestamp":"2026-09-30T14:51:27.635Z","level":"info","event":"DATABASE_READ_ROUTED","operation":"cancellation_reason_report","policy":"DR_PREFERRED_EVENTUAL","target":"PRIMARY","reason":"FEATURE_DISABLED"}
{"timestamp":"2026-09-30T14:51:27.647Z","level":"info","event":"request_completed","route":"/merchant/reports/overview","requestId":"6552a6e0-5899-4338-922e-b9a53880943d","status":200,"totalMs":47.1,"dbQueryCount":9,"dbMs":46.9,"authMs":13.3}
{"timestamp":"2026-09-30T14:51:28.031Z","level":"info","event":"DATABASE_READ_ROUTED","operation":"cancellation_reason_report","policy":"DR_PREFERRED_EVENTUAL","target":"PRIMARY","reason":"FEATURE_DISABLED"}
{"timestamp":"2026-09-30T14:51:28.032Z","level":"info","event":"DATABASE_READ_ROUTED","operation":"hourly_sales_report","policy":"DR_PREFERRED_EVENTUAL","target":"PRIMARY","reason":"FEATURE_DISABLED"}
{"timestamp":"2026-09-30T14:51:28.037Z","level":"info","event":"request_completed","route":"/merchant/reports/overview","requestId":"6e54c391-4e5c-47de-81e9-940fc2b01c7b","status":200,"totalMs":30.3,"dbQueryCount":9,"dbMs":30.2,"authMs":15.1}
{"timestamp":"2026-09-30T14:51:28.512Z","level":"info","event":"DATABASE_READ_ROUTED","operation":"hourly_sales_report","policy":"DR_PREFERRED_EVENTUAL","target":"PRIMARY","reason":"FEATURE_DISABLED"}
{"timestamp":"2026-09-30T14:51:28.512Z","level":"info","event":"DATABASE_READ_ROUTED","operation":"cancellation_reason_report","policy":"DR_PREFERRED_EVENTUAL","target":"PRIMARY","reason":"FEATURE_DISABLED"}
{"timestamp":"2026-09-30T14:51:28.517Z","level":"info","event":"request_completed","route":"/merchant/reports/overview","requestId":"8b49980a-7e0f-4045-958b-00c57e562431","status":200,"totalMs":32.4,"dbQueryCount":9,"dbMs":32.1,"authMs":18.5}
{"timestamp":"2026-09-30T14:51:28.946Z","level":"info","event":"DATABASE_READ_ROUTED","operation":"hourly_sales_report","policy":"DR_PREFERRED_EVENTUAL","target":"PRIMARY","reason":"FEATURE_DISABLED"}
{"timestamp":"2026-09-30T14:51:28.947Z","level":"info","event":"DATABASE_READ_ROUTED","operation":"cancellation_reason_report","policy":"DR_PREFERRED_EVENTUAL","target":"PRIMARY","reason":"FEATURE_DISABLED"}
{"timestamp":"2026-09-30T14:51:28.953Z","level":"info","event":"request_completed","route":"/merchant/reports/overview","requestId":"6bda1e27-95d8-45c1-9308-a0976917bec2","status":200,"totalMs":54,"dbQueryCount":9,"dbMs":53.8,"authMs":24.1}
{"timestamp":"2026-09-30T14:51:29.350Z","level":"info","event":"DATABASE_READ_ROUTED","operation":"cancellation_reason_report","policy":"DR_PREFERRED_EVENTUAL","target":"PRIMARY","reason":"FEATURE_DISABLED"}
{"timestamp":"2026-09-30T14:51:29.350Z","level":"info","event":"DATABASE_READ_ROUTED","operation":"hourly_sales_report","policy":"DR_PREFERRED_EVENTUAL","target":"PRIMARY","reason":"FEATURE_DISABLED"}
{"timestamp":"2026-09-30T14:51:29.354Z","level":"info","event":"request_completed","route":"/merchant/reports/overview","requestId":"e98cdfc3-8425-49d1-93df-460d8234f2d9","status":200,"totalMs":37.2,"dbQueryCount":9,"dbMs":36.8,"authMs":18.2}
{"timestamp":"2026-09-30T14:51:29.826Z","level":"info","event":"DATABASE_READ_ROUTED","operation":"cancellation_reason_report","policy":"DR_PREFERRED_EVENTUAL","target":"PRIMARY","reason":"FEATURE_DISABLED"}
{"timestamp":"2026-09-30T14:51:29.827Z","level":"info","event":"DATABASE_READ_ROUTED","operation":"hourly_sales_report","policy":"DR_PREFERRED_EVENTUAL","target":"PRIMARY","reason":"FEATURE_DISABLED"}
{"timestamp":"2026-09-30T14:51:29.832Z","level":"info","event":"request_completed","route":"/merchant/reports/overview","requestId":"d020eb9a-774b-4b70-8abb-b256955e5939","status":200,"totalMs":34.5,"dbQueryCount":9,"dbMs":34.3,"authMs":17.9}
{"timestamp":"2026-09-30T14:51:30.285Z","level":"info","event":"DATABASE_READ_ROUTED","operation":"cancellation_reason_report","policy":"DR_PREFERRED_EVENTUAL","target":"PRIMARY","reason":"FEATURE_DISABLED"}
{"timestamp":"2026-09-30T14:51:30.286Z","level":"info","event":"DATABASE_READ_ROUTED","operation":"hourly_sales_report","policy":"DR_PREFERRED_EVENTUAL","target":"PRIMARY","reason":"FEATURE_DISABLED"}
{"timestamp":"2026-09-30T14:51:30.290Z","level":"info","event":"request_completed","route":"/merchant/reports/overview","requestId":"1844f124-6dbc-4236-a681-96d33d81c992","status":200,"totalMs":35.5,"dbQueryCount":9,"dbMs":35.3,"authMs":13.7}
{"timestamp":"2026-09-30T14:51:30.735Z","level":"info","event":"DATABASE_READ_ROUTED","operation":"cancellation_reason_report","policy":"DR_PREFERRED_EVENTUAL","target":"PRIMARY","reason":"FEATURE_DISABLED"}
{"timestamp":"2026-09-30T14:51:30.735Z","level":"info","event":"DATABASE_READ_ROUTED","operation":"hourly_sales_report","policy":"DR_PREFERRED_EVENTUAL","target":"PRIMARY","reason":"FEATURE_DISABLED"}
{"timestamp":"2026-09-30T14:51:30.741Z","level":"info","event":"request_completed","route":"/merchant/reports/overview","requestId":"559955ff-ccae-4ffe-a499-9060e5569038","status":200,"totalMs":32.7,"dbQueryCount":9,"dbMs":32.5,"authMs":15.6}
{"timestamp":"2026-09-30T14:51:31.153Z","level":"info","event":"DATABASE_READ_ROUTED","operation":"cancellation_reason_report","policy":"DR_PREFERRED_EVENTUAL","target":"PRIMARY","reason":"FEATURE_DISABLED"}
{"timestamp":"2026-09-30T14:51:31.153Z","level":"info","event":"DATABASE_READ_ROUTED","operation":"hourly_sales_report","policy":"DR_PREFERRED_EVENTUAL","target":"PRIMARY","reason":"FEATURE_DISABLED"}
{"timestamp":"2026-09-30T14:51:31.158Z","level":"info","event":"request_completed","route":"/merchant/reports/overview","requestId":"352e67a3-c17c-4345-873f-fc31b832ab17","status":200,"totalMs":39.9,"dbQueryCount":9,"dbMs":39.8,"authMs":12.2}
{"timestamp":"2026-09-30T14:51:31.559Z","level":"info","event":"DATABASE_READ_ROUTED","operation":"cancellation_reason_report","policy":"DR_PREFERRED_EVENTUAL","target":"PRIMARY","reason":"FEATURE_DISABLED"}
{"timestamp":"2026-09-30T14:51:31.559Z","level":"info","event":"DATABASE_READ_ROUTED","operation":"hourly_sales_report","policy":"DR_PREFERRED_EVENTUAL","target":"PRIMARY","reason":"FEATURE_DISABLED"}
{"timestamp":"2026-09-30T14:51:31.563Z","level":"info","event":"request_completed","route":"/merchant/reports/overview","requestId":"5acaad4b-2a88-4de4-8d8b-e2bdf4c49384","status":200,"totalMs":36.7,"dbQueryCount":9,"dbMs":35,"authMs":18.9}
{"timestamp":"2026-09-30T14:51:31.995Z","level":"info","event":"DATABASE_READ_ROUTED","operation":"hourly_sales_report","policy":"DR_PREFERRED_EVENTUAL","target":"PRIMARY","reason":"FEATURE_DISABLED"}
{"timestamp":"2026-09-30T14:51:31.995Z","level":"info","event":"DATABASE_READ_ROUTED","operation":"cancellation_reason_report","policy":"DR_PREFERRED_EVENTUAL","target":"PRIMARY","reason":"FEATURE_DISABLED"}
{"timestamp":"2026-09-30T14:51:32.000Z","level":"info","event":"request_completed","route":"/merchant/reports/overview","requestId":"f3cd4be3-c2c4-48c0-a17b-351a54eca801","status":200,"totalMs":31.7,"dbQueryCount":9,"dbMs":31.6,"authMs":16.4}
{"timestamp":"2026-09-30T14:51:32.467Z","level":"info","event":"DATABASE_READ_ROUTED","operation":"hourly_sales_report","policy":"DR_PREFERRED_EVENTUAL","target":"PRIMARY","reason":"FEATURE_DISABLED"}
{"timestamp":"2026-09-30T14:51:32.467Z","level":"info","event":"DATABASE_READ_ROUTED","operation":"cancellation_reason_report","policy":"DR_PREFERRED_EVENTUAL","target":"PRIMARY","reason":"FEATURE_DISABLED"}
{"timestamp":"2026-09-30T14:51:32.472Z","level":"info","event":"request_completed","route":"/merchant/reports/overview","requestId":"ef998cb2-7d16-45d7-8751-ec875e5eab10","status":200,"totalMs":34.9,"dbQueryCount":9,"dbMs":34.7,"authMs":17.3}
{"timestamp":"2026-09-30T14:51:32.874Z","level":"info","event":"DATABASE_READ_ROUTED","operation":"cancellation_reason_report","policy":"DR_PREFERRED_EVENTUAL","target":"PRIMARY","reason":"FEATURE_DISABLED"}
{"timestamp":"2026-09-30T14:51:32.875Z","level":"info","event":"DATABASE_READ_ROUTED","operation":"hourly_sales_report","policy":"DR_PREFERRED_EVENTUAL","target":"PRIMARY","reason":"FEATURE_DISABLED"}
{"timestamp":"2026-09-30T14:51:32.879Z","level":"info","event":"request_completed","route":"/merchant/reports/overview","requestId":"87fe5744-f452-4cb7-9dae-41e09ea9600c","status":200,"totalMs":39.5,"dbQueryCount":9,"dbMs":39.4,"authMs":23.4}
{"timestamp":"2026-09-30T14:51:33.275Z","level":"info","event":"DATABASE_READ_ROUTED","operation":"hourly_sales_report","policy":"DR_PREFERRED_EVENTUAL","target":"PRIMARY","reason":"FEATURE_DISABLED"}
{"timestamp":"2026-09-30T14:51:33.276Z","level":"info","event":"DATABASE_READ_ROUTED","operation":"cancellation_reason_report","policy":"DR_PREFERRED_EVENTUAL","target":"PRIMARY","reason":"FEATURE_DISABLED"}
{"timestamp":"2026-09-30T14:51:33.281Z","level":"info","event":"request_completed","route":"/merchant/reports/overview","requestId":"fd067ede-fa34-4f91-a9cf-0455d21a9112","status":200,"totalMs":28.2,"dbQueryCount":9,"dbMs":28.1,"authMs":14.7}
{"timestamp":"2026-09-30T14:51:33.680Z","level":"info","event":"DATABASE_READ_ROUTED","operation":"cancellation_reason_report","policy":"DR_PREFERRED_EVENTUAL","target":"PRIMARY","reason":"FEATURE_DISABLED"}
{"timestamp":"2026-09-30T14:51:33.680Z","level":"info","event":"DATABASE_READ_ROUTED","operation":"hourly_sales_report","policy":"DR_PREFERRED_EVENTUAL","target":"PRIMARY","reason":"FEATURE_DISABLED"}
{"timestamp":"2026-09-30T14:51:33.684Z","level":"info","event":"request_completed","route":"/merchant/reports/overview","requestId":"c6ab98aa-32e1-4a97-8cb0-8a7d82b952d8","status":200,"totalMs":29.3,"dbQueryCount":9,"dbMs":28.7,"authMs":13.8}
{"timestamp":"2026-09-30T14:51:34.067Z","level":"info","event":"DATABASE_READ_ROUTED","operation":"cancellation_reason_report","policy":"DR_PREFERRED_EVENTUAL","target":"PRIMARY","reason":"FEATURE_DISABLED"}
{"timestamp":"2026-09-30T14:51:34.067Z","level":"info","event":"DATABASE_READ_ROUTED","operation":"hourly_sales_report","policy":"DR_PREFERRED_EVENTUAL","target":"PRIMARY","reason":"FEATURE_DISABLED"}
{"timestamp":"2026-09-30T14:51:34.071Z","level":"info","event":"request_completed","route":"/merchant/reports/overview","requestId":"9fc4cf93-28d8-4c2c-bcce-086967228504","status":200,"totalMs":23.7,"dbQueryCount":9,"dbMs":23.5,"authMs":11.8}
{"timestamp":"2026-09-30T14:51:34.474Z","level":"info","event":"DATABASE_READ_ROUTED","operation":"cancellation_reason_report","policy":"DR_PREFERRED_EVENTUAL","target":"PRIMARY","reason":"FEATURE_DISABLED"}
{"timestamp":"2026-09-30T14:51:34.474Z","level":"info","event":"DATABASE_READ_ROUTED","operation":"hourly_sales_report","policy":"DR_PREFERRED_EVENTUAL","target":"PRIMARY","reason":"FEATURE_DISABLED"}
{"timestamp":"2026-09-30T14:51:34.480Z","level":"info","event":"request_completed","route":"/merchant/reports/overview","requestId":"e9a22370-ed06-4c7a-a688-f93531f106dc","status":200,"totalMs":38.1,"dbQueryCount":9,"dbMs":38,"authMs":19.7}
{"timestamp":"2026-09-30T14:51:34.869Z","level":"info","event":"DATABASE_READ_ROUTED","operation":"hourly_sales_report","policy":"DR_PREFERRED_EVENTUAL","target":"PRIMARY","reason":"FEATURE_DISABLED"}
{"timestamp":"2026-09-30T14:51:34.870Z","level":"info","event":"DATABASE_READ_ROUTED","operation":"cancellation_reason_report","policy":"DR_PREFERRED_EVENTUAL","target":"PRIMARY","reason":"FEATURE_DISABLED"}
{"timestamp":"2026-09-30T14:51:34.874Z","level":"info","event":"request_completed","route":"/merchant/reports/overview","requestId":"a95486cb-a2d9-4e84-bf83-ba27da63ef7a","status":200,"totalMs":23.6,"dbQueryCount":9,"dbMs":23.4,"authMs":11.9}
{"timestamp":"2026-09-30T14:51:35.276Z","level":"info","event":"DATABASE_READ_ROUTED","operation":"cancellation_reason_report","policy":"DR_PREFERRED_EVENTUAL","target":"PRIMARY","reason":"FEATURE_DISABLED"}
{"timestamp":"2026-09-30T14:51:35.276Z","level":"info","event":"DATABASE_READ_ROUTED","operation":"hourly_sales_report","policy":"DR_PREFERRED_EVENTUAL","target":"PRIMARY","reason":"FEATURE_DISABLED"}
{"timestamp":"2026-09-30T14:51:35.280Z","level":"info","event":"request_completed","route":"/merchant/reports/overview","requestId":"f9f842f6-33c1-4844-9367-2e5185a509b6","status":200,"totalMs":31.2,"dbQueryCount":9,"dbMs":31,"authMs":17.8}
{"timestamp":"2026-09-30T14:51:35.701Z","level":"info","event":"DATABASE_READ_ROUTED","operation":"cancellation_reason_report","policy":"DR_PREFERRED_EVENTUAL","target":"PRIMARY","reason":"FEATURE_DISABLED"}
{"timestamp":"2026-09-30T14:51:35.701Z","level":"info","event":"DATABASE_READ_ROUTED","operation":"hourly_sales_report","policy":"DR_PREFERRED_EVENTUAL","target":"PRIMARY","reason":"FEATURE_DISABLED"}
{"timestamp":"2026-09-30T14:51:35.705Z","level":"info","event":"request_completed","route":"/merchant/reports/overview","requestId":"9f004d74-d01a-4317-afb0-3a066664f88c","status":200,"totalMs":50.9,"dbQueryCount":9,"dbMs":50.7,"authMs":28.7}
{"timestamp":"2026-09-30T14:51:36.098Z","level":"info","event":"DATABASE_READ_ROUTED","operation":"cancellation_reason_report","policy":"DR_PREFERRED_EVENTUAL","target":"PRIMARY","reason":"FEATURE_DISABLED"}
{"timestamp":"2026-09-30T14:51:36.098Z","level":"info","event":"DATABASE_READ_ROUTED","operation":"hourly_sales_report","policy":"DR_PREFERRED_EVENTUAL","target":"PRIMARY","reason":"FEATURE_DISABLED"}
{"timestamp":"2026-09-30T14:51:36.102Z","level":"info","event":"request_completed","route":"/merchant/reports/overview","requestId":"df442b9d-e063-42d2-abc2-9e9f9e714ef7","status":200,"totalMs":29.6,"dbQueryCount":9,"dbMs":29.5,"authMs":14.6}
{"timestamp":"2026-09-30T14:51:36.503Z","level":"info","event":"DATABASE_READ_ROUTED","operation":"hourly_sales_report","policy":"DR_PREFERRED_EVENTUAL","target":"PRIMARY","reason":"FEATURE_DISABLED"}
{"timestamp":"2026-09-30T14:51:36.503Z","level":"info","event":"DATABASE_READ_ROUTED","operation":"cancellation_reason_report","policy":"DR_PREFERRED_EVENTUAL","target":"PRIMARY","reason":"FEATURE_DISABLED"}
{"timestamp":"2026-09-30T14:51:36.507Z","level":"info","event":"request_completed","route":"/merchant/reports/overview","requestId":"3f473052-619f-4458-a4f2-1c8b5e766c78","status":200,"totalMs":30.7,"dbQueryCount":9,"dbMs":30.6,"authMs":16.6}
{"timestamp":"2026-09-30T14:51:36.885Z","level":"info","event":"DATABASE_READ_ROUTED","operation":"cancellation_reason_report","policy":"DR_PREFERRED_EVENTUAL","target":"PRIMARY","reason":"FEATURE_DISABLED"}
{"timestamp":"2026-09-30T14:51:36.885Z","level":"info","event":"DATABASE_READ_ROUTED","operation":"hourly_sales_report","policy":"DR_PREFERRED_EVENTUAL","target":"PRIMARY","reason":"FEATURE_DISABLED"}
{"timestamp":"2026-09-30T14:51:36.890Z","level":"info","event":"request_completed","route":"/merchant/reports/overview","requestId":"b1671464-fc32-4c7b-a47d-90bd517435d3","status":200,"totalMs":26.9,"dbQueryCount":9,"dbMs":26.8,"authMs":12.4}
{"timestamp":"2026-09-30T14:51:37.287Z","level":"info","event":"DATABASE_READ_ROUTED","operation":"cancellation_reason_report","policy":"DR_PREFERRED_EVENTUAL","target":"PRIMARY","reason":"FEATURE_DISABLED"}
{"timestamp":"2026-09-30T14:51:37.287Z","level":"info","event":"DATABASE_READ_ROUTED","operation":"hourly_sales_report","policy":"DR_PREFERRED_EVENTUAL","target":"PRIMARY","reason":"FEATURE_DISABLED"}
{"timestamp":"2026-09-30T14:51:37.292Z","level":"info","event":"request_completed","route":"/merchant/reports/overview","requestId":"5c2a765a-1f48-4805-ad75-301fc66f91ad","status":200,"totalMs":41,"dbQueryCount":9,"dbMs":40.8,"authMs":24.8}
{"timestamp":"2026-09-30T14:51:37.708Z","level":"info","event":"DATABASE_READ_ROUTED","operation":"cancellation_reason_report","policy":"DR_PREFERRED_EVENTUAL","target":"PRIMARY","reason":"FEATURE_DISABLED"}
{"timestamp":"2026-09-30T14:51:37.708Z","level":"info","event":"DATABASE_READ_ROUTED","operation":"hourly_sales_report","policy":"DR_PREFERRED_EVENTUAL","target":"PRIMARY","reason":"FEATURE_DISABLED"}
{"timestamp":"2026-09-30T14:51:37.714Z","level":"info","event":"request_completed","route":"/merchant/reports/overview","requestId":"aecc048d-f4c5-44b2-8931-635f3d39107d","status":200,"totalMs":32.3,"dbQueryCount":9,"dbMs":32.1,"authMs":13.7}
{"timestamp":"2026-09-30T14:51:38.000Z","level":"info","event":"DATABASE_READ_ROUTED","operation":"hourly_sales_report","policy":"DR_PREFERRED_EVENTUAL","target":"PRIMARY","reason":"FEATURE_DISABLED"}
{"timestamp":"2026-09-30T14:51:38.001Z","level":"info","event":"DATABASE_READ_ROUTED","operation":"cancellation_reason_report","policy":"DR_PREFERRED_EVENTUAL","target":"PRIMARY","reason":"FEATURE_DISABLED"}
{"timestamp":"2026-09-30T14:51:38.004Z","level":"info","event":"request_completed","route":"/merchant/reports/overview","requestId":"077584cc-e03d-4e2e-ad2f-14b591d2b42c","status":200,"totalMs":35.4,"dbQueryCount":9,"dbMs":35.3,"authMs":23.9}
{"timestamp":"2026-09-30T14:51:38.185Z","level":"info","event":"DATABASE_READ_ROUTED","operation":"cancellation_reason_report","policy":"DR_PREFERRED_EVENTUAL","target":"PRIMARY","reason":"FEATURE_DISABLED"}
{"timestamp":"2026-09-30T14:51:38.185Z","level":"info","event":"DATABASE_READ_ROUTED","operation":"hourly_sales_report","policy":"DR_PREFERRED_EVENTUAL","target":"PRIMARY","reason":"FEATURE_DISABLED"}
{"timestamp":"2026-09-30T14:51:38.191Z","level":"info","event":"request_completed","route":"/merchant/reports/overview","requestId":"95aee695-e797-4393-973f-661038addc35","status":200,"totalMs":34.7,"dbQueryCount":9,"dbMs":34.4,"authMs":17.5}
{"timestamp":"2026-09-30T14:51:38.365Z","level":"info","event":"DATABASE_READ_ROUTED","operation":"hourly_sales_report","policy":"DR_PREFERRED_EVENTUAL","target":"PRIMARY","reason":"FEATURE_DISABLED"}
{"timestamp":"2026-09-30T14:51:38.365Z","level":"info","event":"DATABASE_READ_ROUTED","operation":"cancellation_reason_report","policy":"DR_PREFERRED_EVENTUAL","target":"PRIMARY","reason":"FEATURE_DISABLED"}
{"timestamp":"2026-09-30T14:51:38.372Z","level":"info","event":"request_completed","route":"/merchant/reports/overview","requestId":"9cff30d3-9d9a-4977-ada4-23bfcb1546c6","status":200,"totalMs":33.6,"dbQueryCount":9,"dbMs":33.4,"authMs":16.9}
{"timestamp":"2026-09-30T14:51:38.509Z","level":"info","event":"DATABASE_READ_ROUTED","operation":"cancellation_reason_report","policy":"DR_PREFERRED_EVENTUAL","target":"PRIMARY","reason":"FEATURE_DISABLED"}
{"timestamp":"2026-09-30T14:51:38.510Z","level":"info","event":"DATABASE_READ_ROUTED","operation":"hourly_sales_report","policy":"DR_PREFERRED_EVENTUAL","target":"PRIMARY","reason":"FEATURE_DISABLED"}
{"timestamp":"2026-09-30T14:51:38.514Z","level":"info","event":"request_completed","route":"/merchant/reports/overview","requestId":"d9a869de-bc95-46d4-be9c-98f43a6acbdc","status":200,"totalMs":27,"dbQueryCount":9,"dbMs":26.8,"authMs":14}
{"timestamp":"2026-09-30T14:51:38.698Z","level":"info","event":"DATABASE_READ_ROUTED","operation":"hourly_sales_report","policy":"DR_PREFERRED_EVENTUAL","target":"PRIMARY","reason":"FEATURE_DISABLED"}
{"timestamp":"2026-09-30T14:51:38.698Z","level":"info","event":"DATABASE_READ_ROUTED","operation":"cancellation_reason_report","policy":"DR_PREFERRED_EVENTUAL","target":"PRIMARY","reason":"FEATURE_DISABLED"}
{"timestamp":"2026-09-30T14:51:38.703Z","level":"info","event":"request_completed","route":"/merchant/reports/overview","requestId":"0b78ab49-c217-497e-bfac-cafc744b21ed","status":200,"totalMs":31,"dbQueryCount":9,"dbMs":30.8,"authMs":17}
{"timestamp":"2026-09-30T14:51:38.856Z","level":"info","event":"DATABASE_READ_ROUTED","operation":"cancellation_reason_report","policy":"DR_PREFERRED_EVENTUAL","target":"PRIMARY","reason":"FEATURE_DISABLED"}
{"timestamp":"2026-09-30T14:51:38.857Z","level":"info","event":"DATABASE_READ_ROUTED","operation":"hourly_sales_report","policy":"DR_PREFERRED_EVENTUAL","target":"PRIMARY","reason":"FEATURE_DISABLED"}
{"timestamp":"2026-09-30T14:51:38.864Z","level":"info","event":"request_completed","route":"/merchant/reports/overview","requestId":"909a1ebc-bd65-4561-81f6-3406925294ff","status":200,"totalMs":29.4,"dbQueryCount":9,"dbMs":29.2,"authMs":12.3}
{"timestamp":"2026-09-30T14:51:39.019Z","level":"info","event":"DATABASE_READ_ROUTED","operation":"cancellation_reason_report","policy":"DR_PREFERRED_EVENTUAL","target":"PRIMARY","reason":"FEATURE_DISABLED"}
{"timestamp":"2026-09-30T14:51:39.019Z","level":"info","event":"DATABASE_READ_ROUTED","operation":"hourly_sales_report","policy":"DR_PREFERRED_EVENTUAL","target":"PRIMARY","reason":"FEATURE_DISABLED"}
{"timestamp":"2026-09-30T14:51:39.023Z","level":"info","event":"request_completed","route":"/merchant/reports/overview","requestId":"fdac8e70-bc7d-4bd7-9e40-7d1999fd5dab","status":200,"totalMs":27.3,"dbQueryCount":9,"dbMs":27.2,"authMs":15}
{"timestamp":"2026-09-30T14:51:39.161Z","level":"info","event":"DATABASE_READ_ROUTED","operation":"hourly_sales_report","policy":"DR_PREFERRED_EVENTUAL","target":"PRIMARY","reason":"FEATURE_DISABLED"}
{"timestamp":"2026-09-30T14:51:39.162Z","level":"info","event":"DATABASE_READ_ROUTED","operation":"cancellation_reason_report","policy":"DR_PREFERRED_EVENTUAL","target":"PRIMARY","reason":"FEATURE_DISABLED"}
{"timestamp":"2026-09-30T14:51:39.166Z","level":"info","event":"request_completed","route":"/merchant/reports/overview","requestId":"7534dd4f-86b7-4827-9595-958da2e9c59c","status":200,"totalMs":30.6,"dbQueryCount":9,"dbMs":30.4,"authMs":17.4}
{"timestamp":"2026-09-30T14:51:39.305Z","level":"info","event":"DATABASE_READ_ROUTED","operation":"hourly_sales_report","policy":"DR_PREFERRED_EVENTUAL","target":"PRIMARY","reason":"FEATURE_DISABLED"}
{"timestamp":"2026-09-30T14:51:39.306Z","level":"info","event":"DATABASE_READ_ROUTED","operation":"cancellation_reason_report","policy":"DR_PREFERRED_EVENTUAL","target":"PRIMARY","reason":"FEATURE_DISABLED"}
{"timestamp":"2026-09-30T14:51:39.313Z","level":"info","event":"request_completed","route":"/merchant/reports/overview","requestId":"0fc2789c-ff5f-4d1a-818e-5fcb90b48bf7","status":200,"totalMs":30.7,"dbQueryCount":9,"dbMs":30.5,"authMs":14.3}
{"timestamp":"2026-09-30T14:51:39.490Z","level":"info","event":"DATABASE_READ_ROUTED","operation":"cancellation_reason_report","policy":"DR_PREFERRED_EVENTUAL","target":"PRIMARY","reason":"FEATURE_DISABLED"}
{"timestamp":"2026-09-30T14:51:39.490Z","level":"info","event":"DATABASE_READ_ROUTED","operation":"hourly_sales_report","policy":"DR_PREFERRED_EVENTUAL","target":"PRIMARY","reason":"FEATURE_DISABLED"}
{"timestamp":"2026-09-30T14:51:39.496Z","level":"info","event":"request_completed","route":"/merchant/reports/overview","requestId":"3527adc0-9642-44ed-9198-7ae2be11ad1d","status":200,"totalMs":59.3,"dbQueryCount":9,"dbMs":59,"authMs":40}
{"timestamp":"2026-09-30T14:51:39.635Z","level":"info","event":"DATABASE_READ_ROUTED","operation":"hourly_sales_report","policy":"DR_PREFERRED_EVENTUAL","target":"PRIMARY","reason":"FEATURE_DISABLED"}
{"timestamp":"2026-09-30T14:51:39.635Z","level":"info","event":"DATABASE_READ_ROUTED","operation":"cancellation_reason_report","policy":"DR_PREFERRED_EVENTUAL","target":"PRIMARY","reason":"FEATURE_DISABLED"}
{"timestamp":"2026-09-30T14:51:39.639Z","level":"info","event":"request_completed","route":"/merchant/reports/overview","requestId":"2cc2bed1-7984-402b-a6de-5304b57bca18","status":200,"totalMs":31.7,"dbQueryCount":9,"dbMs":31.4,"authMs":17.7}
{"timestamp":"2026-09-30T14:51:39.798Z","level":"info","event":"DATABASE_READ_ROUTED","operation":"cancellation_reason_report","policy":"DR_PREFERRED_EVENTUAL","target":"PRIMARY","reason":"FEATURE_DISABLED"}
{"timestamp":"2026-09-30T14:51:39.798Z","level":"info","event":"DATABASE_READ_ROUTED","operation":"hourly_sales_report","policy":"DR_PREFERRED_EVENTUAL","target":"PRIMARY","reason":"FEATURE_DISABLED"}
{"timestamp":"2026-09-30T14:51:39.803Z","level":"info","event":"request_completed","route":"/merchant/reports/overview","requestId":"7f8f377e-53d0-4181-be40-47f50066276a","status":200,"totalMs":33.2,"dbQueryCount":9,"dbMs":32.8,"authMs":16.6}
{"timestamp":"2026-09-30T14:51:39.963Z","level":"info","event":"DATABASE_READ_ROUTED","operation":"hourly_sales_report","policy":"DR_PREFERRED_EVENTUAL","target":"PRIMARY","reason":"FEATURE_DISABLED"}
{"timestamp":"2026-09-30T14:51:39.964Z","level":"info","event":"DATABASE_READ_ROUTED","operation":"cancellation_reason_report","policy":"DR_PREFERRED_EVENTUAL","target":"PRIMARY","reason":"FEATURE_DISABLED"}
{"timestamp":"2026-09-30T14:51:39.968Z","level":"info","event":"request_completed","route":"/merchant/reports/overview","requestId":"c22184da-6da6-47d2-90a0-afacb4f98a3c","status":200,"totalMs":28.7,"dbQueryCount":9,"dbMs":28.6,"authMs":15.6}
{"timestamp":"2026-09-30T14:51:40.128Z","level":"info","event":"DATABASE_READ_ROUTED","operation":"hourly_sales_report","policy":"DR_PREFERRED_EVENTUAL","target":"PRIMARY","reason":"FEATURE_DISABLED"}
{"timestamp":"2026-09-30T14:51:40.128Z","level":"info","event":"DATABASE_READ_ROUTED","operation":"cancellation_reason_report","policy":"DR_PREFERRED_EVENTUAL","target":"PRIMARY","reason":"FEATURE_DISABLED"}
{"timestamp":"2026-09-30T14:51:40.132Z","level":"info","event":"request_completed","route":"/merchant/reports/overview","requestId":"b3095b80-f6e2-4e16-b2e1-ce301400c475","status":200,"totalMs":27.6,"dbQueryCount":9,"dbMs":27.4,"authMs":14.7}
{"timestamp":"2026-09-30T14:51:40.308Z","level":"info","event":"DATABASE_READ_ROUTED","operation":"cancellation_reason_report","policy":"DR_PREFERRED_EVENTUAL","target":"PRIMARY","reason":"FEATURE_DISABLED"}
{"timestamp":"2026-09-30T14:51:40.308Z","level":"info","event":"DATABASE_READ_ROUTED","operation":"hourly_sales_report","policy":"DR_PREFERRED_EVENTUAL","target":"PRIMARY","reason":"FEATURE_DISABLED"}
{"timestamp":"2026-09-30T14:51:40.315Z","level":"info","event":"request_completed","route":"/merchant/reports/overview","requestId":"6e8f3e01-5a33-4294-8d6f-0c06020ab8fe","status":200,"totalMs":64,"dbQueryCount":9,"dbMs":63.8,"authMs":33.7}
{"timestamp":"2026-09-30T14:51:40.472Z","level":"info","event":"DATABASE_READ_ROUTED","operation":"hourly_sales_report","policy":"DR_PREFERRED_EVENTUAL","target":"PRIMARY","reason":"FEATURE_DISABLED"}
{"timestamp":"2026-09-30T14:51:40.473Z","level":"info","event":"DATABASE_READ_ROUTED","operation":"cancellation_reason_report","policy":"DR_PREFERRED_EVENTUAL","target":"PRIMARY","reason":"FEATURE_DISABLED"}
{"timestamp":"2026-09-30T14:51:40.476Z","level":"info","event":"request_completed","route":"/merchant/reports/overview","requestId":"19266306-6f98-43e5-9776-1c5fe8bdf508","status":200,"totalMs":40.1,"dbQueryCount":9,"dbMs":39.8,"authMs":14.1}
{"timestamp":"2026-09-30T14:51:40.613Z","level":"info","event":"DATABASE_READ_ROUTED","operation":"hourly_sales_report","policy":"DR_PREFERRED_EVENTUAL","target":"PRIMARY","reason":"FEATURE_DISABLED"}
{"timestamp":"2026-09-30T14:51:40.614Z","level":"info","event":"DATABASE_READ_ROUTED","operation":"cancellation_reason_report","policy":"DR_PREFERRED_EVENTUAL","target":"PRIMARY","reason":"FEATURE_DISABLED"}
{"timestamp":"2026-09-30T14:51:40.617Z","level":"info","event":"request_completed","route":"/merchant/reports/overview","requestId":"9d16f430-f341-42b8-95f1-56a8ae2a1c96","status":200,"totalMs":35.4,"dbQueryCount":9,"dbMs":35.3,"authMs":13.1}
{"timestamp":"2026-09-30T14:51:40.745Z","level":"info","event":"DATABASE_READ_ROUTED","operation":"hourly_sales_report","policy":"DR_PREFERRED_EVENTUAL","target":"PRIMARY","reason":"FEATURE_DISABLED"}
{"timestamp":"2026-09-30T14:51:40.746Z","level":"info","event":"DATABASE_READ_ROUTED","operation":"cancellation_reason_report","policy":"DR_PREFERRED_EVENTUAL","target":"PRIMARY","reason":"FEATURE_DISABLED"}
{"timestamp":"2026-09-30T14:51:40.750Z","level":"info","event":"request_completed","route":"/merchant/reports/overview","requestId":"8a595f81-4214-4d34-8d61-b5b180a717eb","status":200,"totalMs":32.1,"dbQueryCount":9,"dbMs":31.9,"authMs":12.7}
{"timestamp":"2026-09-30T14:51:40.911Z","level":"info","event":"DATABASE_READ_ROUTED","operation":"cancellation_reason_report","policy":"DR_PREFERRED_EVENTUAL","target":"PRIMARY","reason":"FEATURE_DISABLED"}
{"timestamp":"2026-09-30T14:51:40.911Z","level":"info","event":"DATABASE_READ_ROUTED","operation":"hourly_sales_report","policy":"DR_PREFERRED_EVENTUAL","target":"PRIMARY","reason":"FEATURE_DISABLED"}
{"timestamp":"2026-09-30T14:51:40.917Z","level":"info","event":"request_completed","route":"/merchant/reports/overview","requestId":"9dc88a7d-dbce-408b-97c3-4c91946f6d72","status":200,"totalMs":40.1,"dbQueryCount":9,"dbMs":39.9,"authMs":11.5}
{"timestamp":"2026-09-30T14:51:41.338Z","level":"info","event":"DATABASE_READ_ROUTED","operation":"cancellation_reason_report","policy":"DR_PREFERRED_EVENTUAL","target":"PRIMARY","reason":"FEATURE_DISABLED"}
{"timestamp":"2026-09-30T14:51:41.338Z","level":"info","event":"DATABASE_READ_ROUTED","operation":"hourly_sales_report","policy":"DR_PREFERRED_EVENTUAL","target":"PRIMARY","reason":"FEATURE_DISABLED"}
{"timestamp":"2026-09-30T14:51:41.342Z","level":"info","event":"request_completed","route":"/merchant/reports/overview","requestId":"60bc2928-4648-4552-a4d6-e6748b5e07b8","status":200,"totalMs":25.1,"dbQueryCount":9,"dbMs":24.9,"authMs":12}
{"timestamp":"2026-09-30T14:51:41.490Z","level":"info","event":"DATABASE_READ_ROUTED","operation":"hourly_sales_report","policy":"DR_PREFERRED_EVENTUAL","target":"PRIMARY","reason":"FEATURE_DISABLED"}
{"timestamp":"2026-09-30T14:51:41.490Z","level":"info","event":"DATABASE_READ_ROUTED","operation":"cancellation_reason_report","policy":"DR_PREFERRED_EVENTUAL","target":"PRIMARY","reason":"FEATURE_DISABLED"}
{"timestamp":"2026-09-30T14:51:41.498Z","level":"info","event":"request_completed","route":"/merchant/reports/overview","requestId":"562b5290-7a7a-42ea-87ea-a771b0a45086","status":200,"totalMs":28.4,"dbQueryCount":9,"dbMs":28.2,"authMs":12.1}
{"timestamp":"2026-09-30T14:51:41.650Z","level":"info","event":"DATABASE_READ_ROUTED","operation":"cancellation_reason_report","policy":"DR_PREFERRED_EVENTUAL","target":"PRIMARY","reason":"FEATURE_DISABLED"}
{"timestamp":"2026-09-30T14:51:41.650Z","level":"info","event":"DATABASE_READ_ROUTED","operation":"hourly_sales_report","policy":"DR_PREFERRED_EVENTUAL","target":"PRIMARY","reason":"FEATURE_DISABLED"}
{"timestamp":"2026-09-30T14:51:41.654Z","level":"info","event":"request_completed","route":"/merchant/reports/overview","requestId":"c5e486d3-c0c5-44de-9b7e-15bcedf7cdab","status":200,"totalMs":34.2,"dbQueryCount":9,"dbMs":34.1,"authMs":18}
{"timestamp":"2026-09-30T14:51:41.792Z","level":"info","event":"DATABASE_READ_ROUTED","operation":"cancellation_reason_report","policy":"DR_PREFERRED_EVENTUAL","target":"PRIMARY","reason":"FEATURE_DISABLED"}
{"timestamp":"2026-09-30T14:51:41.792Z","level":"info","event":"DATABASE_READ_ROUTED","operation":"hourly_sales_report","policy":"DR_PREFERRED_EVENTUAL","target":"PRIMARY","reason":"FEATURE_DISABLED"}
{"timestamp":"2026-09-30T14:51:41.796Z","level":"info","event":"request_completed","route":"/merchant/reports/overview","requestId":"70546383-6513-466a-94a3-29bd023250e1","status":200,"totalMs":27.8,"dbQueryCount":9,"dbMs":27.6,"authMs":14.8}
{"timestamp":"2026-09-30T14:51:41.995Z","level":"info","event":"DATABASE_READ_ROUTED","operation":"cancellation_reason_report","policy":"DR_PREFERRED_EVENTUAL","target":"PRIMARY","reason":"FEATURE_DISABLED"}
{"timestamp":"2026-09-30T14:51:41.995Z","level":"info","event":"DATABASE_READ_ROUTED","operation":"hourly_sales_report","policy":"DR_PREFERRED_EVENTUAL","target":"PRIMARY","reason":"FEATURE_DISABLED"}
{"timestamp":"2026-09-30T14:51:42.002Z","level":"info","event":"request_completed","route":"/merchant/reports/overview","requestId":"5795e729-f7d2-4a07-8598-bd1cf65f6684","status":200,"totalMs":39,"dbQueryCount":9,"dbMs":38.7,"authMs":20.6}
{"timestamp":"2026-09-30T14:51:42.160Z","level":"info","event":"DATABASE_READ_ROUTED","operation":"cancellation_reason_report","policy":"DR_PREFERRED_EVENTUAL","target":"PRIMARY","reason":"FEATURE_DISABLED"}
{"timestamp":"2026-09-30T14:51:42.161Z","level":"info","event":"DATABASE_READ_ROUTED","operation":"hourly_sales_report","policy":"DR_PREFERRED_EVENTUAL","target":"PRIMARY","reason":"FEATURE_DISABLED"}
{"timestamp":"2026-09-30T14:51:42.165Z","level":"info","event":"request_completed","route":"/merchant/reports/overview","requestId":"aff60007-4d92-41df-a75d-d22b5ce6f131","status":200,"totalMs":29,"dbQueryCount":9,"dbMs":28.8,"authMs":15.4}
{"timestamp":"2026-09-30T14:51:42.325Z","level":"info","event":"DATABASE_READ_ROUTED","operation":"hourly_sales_report","policy":"DR_PREFERRED_EVENTUAL","target":"PRIMARY","reason":"FEATURE_DISABLED"}
{"timestamp":"2026-09-30T14:51:42.325Z","level":"info","event":"DATABASE_READ_ROUTED","operation":"cancellation_reason_report","policy":"DR_PREFERRED_EVENTUAL","target":"PRIMARY","reason":"FEATURE_DISABLED"}
{"timestamp":"2026-09-30T14:51:42.329Z","level":"info","event":"request_completed","route":"/merchant/reports/overview","requestId":"9cf088e8-225e-40ce-9944-2d582333f517","status":200,"totalMs":25.6,"dbQueryCount":9,"dbMs":25.4,"authMs":13.7}
{"timestamp":"2026-09-30T14:51:42.484Z","level":"info","event":"DATABASE_READ_ROUTED","operation":"cancellation_reason_report","policy":"DR_PREFERRED_EVENTUAL","target":"PRIMARY","reason":"FEATURE_DISABLED"}
{"timestamp":"2026-09-30T14:51:42.484Z","level":"info","event":"DATABASE_READ_ROUTED","operation":"hourly_sales_report","policy":"DR_PREFERRED_EVENTUAL","target":"PRIMARY","reason":"FEATURE_DISABLED"}
{"timestamp":"2026-09-30T14:51:42.489Z","level":"info","event":"request_completed","route":"/merchant/reports/overview","requestId":"ca66d7fa-3f95-402a-8c72-85151e784a71","status":200,"totalMs":28.4,"dbQueryCount":9,"dbMs":28.2,"authMs":14.9}
{"timestamp":"2026-09-30T14:51:42.621Z","level":"info","event":"DATABASE_READ_ROUTED","operation":"cancellation_reason_report","policy":"DR_PREFERRED_EVENTUAL","target":"PRIMARY","reason":"FEATURE_DISABLED"}
{"timestamp":"2026-09-30T14:51:42.622Z","level":"info","event":"DATABASE_READ_ROUTED","operation":"hourly_sales_report","policy":"DR_PREFERRED_EVENTUAL","target":"PRIMARY","reason":"FEATURE_DISABLED"}
{"timestamp":"2026-09-30T14:51:42.627Z","level":"info","event":"request_completed","route":"/merchant/reports/overview","requestId":"cc69c0d1-7299-4513-b7df-8e9a7cc5ae4d","status":200,"totalMs":27.1,"dbQueryCount":9,"dbMs":26.8,"authMs":13.1}
{"timestamp":"2026-09-30T14:51:42.807Z","level":"info","event":"DATABASE_READ_ROUTED","operation":"cancellation_reason_report","policy":"DR_PREFERRED_EVENTUAL","target":"PRIMARY","reason":"FEATURE_DISABLED"}
{"timestamp":"2026-09-30T14:51:42.807Z","level":"info","event":"DATABASE_READ_ROUTED","operation":"hourly_sales_report","policy":"DR_PREFERRED_EVENTUAL","target":"PRIMARY","reason":"FEATURE_DISABLED"}
{"timestamp":"2026-09-30T14:51:42.812Z","level":"info","event":"request_completed","route":"/merchant/reports/overview","requestId":"f1f3b012-3002-4065-85c5-fe321dcd61ae","status":200,"totalMs":30.4,"dbQueryCount":9,"dbMs":30.3,"authMs":16.5}
{"timestamp":"2026-09-30T14:51:42.956Z","level":"info","event":"DATABASE_READ_ROUTED","operation":"hourly_sales_report","policy":"DR_PREFERRED_EVENTUAL","target":"PRIMARY","reason":"FEATURE_DISABLED"}
{"timestamp":"2026-09-30T14:51:42.956Z","level":"info","event":"DATABASE_READ_ROUTED","operation":"cancellation_reason_report","policy":"DR_PREFERRED_EVENTUAL","target":"PRIMARY","reason":"FEATURE_DISABLED"}
{"timestamp":"2026-09-30T14:51:42.962Z","level":"info","event":"request_completed","route":"/merchant/reports/overview","requestId":"04d243a5-29c7-46c8-8451-254e0ca34dd0","status":200,"totalMs":30.5,"dbQueryCount":9,"dbMs":30.4,"authMs":13.7}
{"timestamp":"2026-09-30T14:51:43.237Z","level":"info","event":"request_completed","route":"/staff/:stallSlug","requestId":"97a007f3-a36b-42c3-9189-beb9e6745b61","status":200,"totalMs":114.1,"dbQueryCount":17,"dbMs":113.9,"authMs":14.7}
{"timestamp":"2026-09-30T14:51:44.985Z","level":"info","event":"request_completed","route":"/kitchen","requestId":"acc52c0d-f6d3-4eff-90fd-56e295c1ec2d","status":200,"totalMs":86.1,"dbQueryCount":9,"dbMs":86,"authMs":33.3}
{"timestamp":"2026-09-30T14:51:45.111Z","level":"info","event":"request_completed","route":"/api/stalls/:stallSlug/kitchen/board","requestId":"5db81124-774c-4f0c-90b6-85943cfbe95e","status":200,"totalMs":68.1,"dbQueryCount":9,"dbMs":67.1,"authMs":20}
{"timestamp":"2026-09-30T14:51:45.199Z","level":"info","event":"request_completed","route":"/api/stalls/:stallSlug/kitchen/board","requestId":"ef7bd5a4-31a2-4584-b073-b063a03d6ab8","status":200,"totalMs":62.4,"dbQueryCount":9,"dbMs":61.5,"authMs":17}
{"timestamp":"2026-09-30T14:51:45.276Z","level":"info","event":"request_completed","route":"/api/stalls/:stallSlug/kitchen/board","requestId":"9a462858-314e-4998-9dd6-559bf6b76908","status":200,"totalMs":69,"dbQueryCount":9,"dbMs":68.1,"authMs":26.5}
{"timestamp":"2026-09-30T14:51:45.349Z","level":"info","event":"request_completed","route":"/api/stalls/:stallSlug/kitchen/board","requestId":"7fb7ca18-9ccb-4004-9fb4-2085a6d0ed30","status":200,"totalMs":66.4,"dbQueryCount":9,"dbMs":65.5,"authMs":24.7}
{"timestamp":"2026-09-30T14:51:45.431Z","level":"info","event":"request_completed","route":"/api/stalls/:stallSlug/kitchen/board","requestId":"39c3b492-6671-45e6-80d6-2ac8f92061e4","status":200,"totalMs":73.3,"dbQueryCount":9,"dbMs":72.3,"authMs":23.8}
{"timestamp":"2026-09-30T14:51:45.502Z","level":"info","event":"request_completed","route":"/api/stalls/:stallSlug/kitchen/board","requestId":"8263452f-59c2-4acb-8e4f-b734c9314a91","status":200,"totalMs":61.4,"dbQueryCount":9,"dbMs":60.4,"authMs":21.5}
{"timestamp":"2026-09-30T14:51:45.566Z","level":"info","event":"request_completed","route":"/api/stalls/:stallSlug/kitchen/board","requestId":"53917211-088f-4cc8-aac5-5f87b40cd3db","status":200,"totalMs":57.4,"dbQueryCount":9,"dbMs":56.2,"authMs":17.3}
{"timestamp":"2026-09-30T14:51:45.630Z","level":"info","event":"request_completed","route":"/api/stalls/:stallSlug/kitchen/board","requestId":"963dad67-cdd6-47ef-8379-f5526dec6127","status":200,"totalMs":56.7,"dbQueryCount":9,"dbMs":55.8,"authMs":16.4}
{"timestamp":"2026-09-30T14:51:45.696Z","level":"info","event":"request_completed","route":"/api/stalls/:stallSlug/kitchen/board","requestId":"96f09092-a2b8-41f1-a763-640b13b69dce","status":200,"totalMs":59,"dbQueryCount":9,"dbMs":58,"authMs":18.1}
{"timestamp":"2026-09-30T14:51:45.774Z","level":"info","event":"request_completed","route":"/api/stalls/:stallSlug/kitchen/board","requestId":"1dab8fe5-9359-4af1-bb10-99bf11b75330","status":200,"totalMs":70,"dbQueryCount":9,"dbMs":69.1,"authMs":25.3}
{"timestamp":"2026-09-30T14:51:45.846Z","level":"info","event":"request_completed","route":"/api/stalls/:stallSlug/kitchen/board","requestId":"6a48b421-8206-4421-a8a5-c2a8942d7fed","status":200,"totalMs":63,"dbQueryCount":9,"dbMs":62,"authMs":19.5}
{"timestamp":"2026-09-30T14:51:45.914Z","level":"info","event":"request_completed","route":"/api/stalls/:stallSlug/kitchen/board","requestId":"171bbf70-2086-4324-8ba9-b8472565634d","status":200,"totalMs":62.3,"dbQueryCount":9,"dbMs":61.4,"authMs":25.5}
{"timestamp":"2026-09-30T14:51:45.976Z","level":"info","event":"request_completed","route":"/api/stalls/:stallSlug/kitchen/board","requestId":"4ebf53e9-6ecd-4231-80d3-c9ab215551fc","status":200,"totalMs":55.5,"dbQueryCount":9,"dbMs":54.5,"authMs":16.6}
{"timestamp":"2026-09-30T14:51:46.051Z","level":"info","event":"request_completed","route":"/api/stalls/:stallSlug/kitchen/board","requestId":"7b51da27-97ea-40a0-93a7-daf3b67f607b","status":200,"totalMs":67.6,"dbQueryCount":9,"dbMs":66.1,"authMs":17.5}
{"timestamp":"2026-09-30T14:51:46.124Z","level":"info","event":"request_completed","route":"/api/stalls/:stallSlug/kitchen/board","requestId":"e8aefcd1-64b0-4459-919f-c1a1a7559098","status":200,"totalMs":64.4,"dbQueryCount":9,"dbMs":62.5,"authMs":16.7}
{"timestamp":"2026-09-30T14:51:46.191Z","level":"info","event":"request_completed","route":"/api/stalls/:stallSlug/kitchen/board","requestId":"642967fb-b8b3-4f6a-aced-764a124366bf","status":200,"totalMs":57.7,"dbQueryCount":9,"dbMs":56.7,"authMs":14.3}
{"timestamp":"2026-09-30T14:51:46.255Z","level":"info","event":"request_completed","route":"/api/stalls/:stallSlug/kitchen/board","requestId":"d056a05a-26ac-4a07-991d-35292d7ee04c","status":200,"totalMs":57.3,"dbQueryCount":9,"dbMs":56.3,"authMs":17.1}
{"timestamp":"2026-09-30T14:51:46.328Z","level":"info","event":"request_completed","route":"/api/stalls/:stallSlug/kitchen/board","requestId":"e479fe7f-01a1-4f43-988c-bf40a1adf007","status":200,"totalMs":65.8,"dbQueryCount":9,"dbMs":64.7,"authMs":29.6}
{"timestamp":"2026-09-30T14:51:46.393Z","level":"info","event":"request_completed","route":"/api/stalls/:stallSlug/kitchen/board","requestId":"69888fc6-9ea7-461f-b17e-f1a07e12aab9","status":200,"totalMs":57.7,"dbQueryCount":9,"dbMs":56.8,"authMs":23}
{"timestamp":"2026-09-30T14:51:46.457Z","level":"info","event":"request_completed","route":"/api/stalls/:stallSlug/kitchen/board","requestId":"f0fe53c6-02a8-4b71-8b42-333057888658","status":200,"totalMs":56,"dbQueryCount":9,"dbMs":55.1,"authMs":22.6}
{"timestamp":"2026-09-30T14:51:46.568Z","level":"info","event":"request_completed","route":"/api/stalls/:stallSlug/kitchen/board","requestId":"479952ac-106b-4f79-8d6d-e9e7a3634fd2","status":200,"totalMs":104.5,"dbQueryCount":9,"dbMs":103.4,"authMs":43.1}
{"timestamp":"2026-09-30T14:51:46.643Z","level":"info","event":"request_completed","route":"/api/stalls/:stallSlug/kitchen/board","requestId":"3a962315-53c8-4f4b-8a30-764560a69361","status":200,"totalMs":60.5,"dbQueryCount":9,"dbMs":59.6,"authMs":19.4}
{"timestamp":"2026-09-30T14:51:46.714Z","level":"info","event":"request_completed","route":"/api/stalls/:stallSlug/kitchen/board","requestId":"1941a638-9ca9-4f23-95ea-1cd1c9e5b0d8","status":200,"totalMs":63.4,"dbQueryCount":9,"dbMs":62.4,"authMs":22.3}
{"timestamp":"2026-09-30T14:51:46.781Z","level":"info","event":"request_completed","route":"/api/stalls/:stallSlug/kitchen/board","requestId":"a13a23b1-9ecb-4d42-b896-744c11bfac50","status":200,"totalMs":61.5,"dbQueryCount":9,"dbMs":60.6,"authMs":17.9}
{"timestamp":"2026-09-30T14:51:46.840Z","level":"info","event":"request_completed","route":"/api/stalls/:stallSlug/kitchen/board","requestId":"9c53ff8b-9330-421a-91d1-ddd55c58fc26","status":200,"totalMs":51,"dbQueryCount":9,"dbMs":50.1,"authMs":15.4}
{"timestamp":"2026-09-30T14:51:46.916Z","level":"info","event":"request_completed","route":"/api/stalls/:stallSlug/kitchen/board","requestId":"1c817ec5-f4ce-4f0f-9b4d-30b4601591d7","status":200,"totalMs":70.2,"dbQueryCount":9,"dbMs":69.2,"authMs":36.9}
{"timestamp":"2026-09-30T14:51:46.971Z","level":"info","event":"request_completed","route":"/api/stalls/:stallSlug/kitchen/board","requestId":"40d57f13-183f-4d6a-b41e-4d09d8570fd6","status":200,"totalMs":48.3,"dbQueryCount":9,"dbMs":47.3,"authMs":15.5}
{"timestamp":"2026-09-30T14:51:47.045Z","level":"info","event":"request_completed","route":"/api/stalls/:stallSlug/kitchen/board","requestId":"5155795f-6016-405f-8d68-f8d4c8f827e1","status":200,"totalMs":67,"dbQueryCount":9,"dbMs":66.1,"authMs":27.5}
{"timestamp":"2026-09-30T14:51:47.112Z","level":"info","event":"request_completed","route":"/api/stalls/:stallSlug/kitchen/board","requestId":"bd4507c5-f341-480a-8df9-854b8cd3928d","status":200,"totalMs":59.7,"dbQueryCount":9,"dbMs":58.8,"authMs":21.3}
{"timestamp":"2026-09-30T14:51:47.192Z","level":"info","event":"request_completed","route":"/api/stalls/:stallSlug/kitchen/board","requestId":"e8378c70-af2e-4151-8022-e20e7bf11585","status":200,"totalMs":72.7,"dbQueryCount":9,"dbMs":71.7,"authMs":37.2}
{"timestamp":"2026-09-30T14:51:47.376Z","level":"info","event":"DATABASE_READ_ROUTED","operation":"cancellation_reason_report","policy":"DR_PREFERRED_EVENTUAL","target":"PRIMARY","reason":"FEATURE_DISABLED"}
{"timestamp":"2026-09-30T14:51:47.376Z","level":"info","event":"DATABASE_READ_ROUTED","operation":"hourly_sales_report","policy":"DR_PREFERRED_EVENTUAL","target":"PRIMARY","reason":"FEATURE_DISABLED"}
{"timestamp":"2026-09-30T14:51:47.384Z","level":"info","event":"request_completed","route":"/merchant/reports/overview","requestId":"3189f061-afd7-4dcb-b92f-a60827e1b119","status":200,"totalMs":64.1,"dbQueryCount":9,"dbMs":63.9,"authMs":34.6}
{"timestamp":"2026-09-30T14:51:47.831Z","level":"info","event":"request_completed","route":"/q/:qrToken","requestId":"73f7a029-bfbd-4662-a7e4-6d310f6521e0","status":200,"totalMs":31.1,"dbMs":30.9,"renderMs":31.1}
{"timestamp":"2026-09-30T14:51:49.689Z","level":"info","event":"request_completed","route":"/q/:qrToken","requestId":"ec17a0cb-a7a3-4087-bf16-c784a2b6556e","status":200,"totalMs":32.6,"dbMs":32.2,"renderMs":32.6}
{"timestamp":"2026-09-30T14:51:51.583Z","level":"info","event":"request_completed","route":"/q/:qrToken","requestId":"4fb366fe-9541-415b-ab39-5155c7d367d5","status":200,"totalMs":25.8,"dbMs":25.6,"renderMs":25.8}
{"timestamp":"2026-09-30T14:51:53.548Z","level":"info","event":"request_completed","route":"/q/:qrToken","requestId":"d2ec4802-8ccf-41bd-92fb-4f86fd69532e","status":200,"totalMs":29,"dbMs":28.6,"renderMs":29}
{"timestamp":"2026-09-30T14:51:55.472Z","level":"info","event":"request_completed","route":"/q/:qrToken","requestId":"85d0b32a-13bb-46e3-b395-f29cb896542d","status":200,"totalMs":25.3,"dbMs":25.1,"renderMs":25.3}
{"timestamp":"2026-09-30T14:51:56.648Z","level":"info","event":"request_completed","route":"/staff/:stallSlug","requestId":"275de61b-d0d0-4ee0-90ff-54259404ddf8","status":200,"totalMs":91.7,"dbQueryCount":17,"dbMs":91.5,"authMs":23.1}
{"timestamp":"2026-09-30T14:51:58.109Z","level":"info","event":"request_completed","route":"/staff/:stallSlug","requestId":"c1ca3d91-39dd-4bc7-87b8-cd08eb0956c1","status":200,"totalMs":109,"dbQueryCount":17,"dbMs":108.6,"authMs":27.6}
{"timestamp":"2026-09-30T14:51:59.561Z","level":"info","event":"request_completed","route":"/staff/:stallSlug","requestId":"96aee5bb-52f0-44e8-9e77-da8327030eb7","status":200,"totalMs":75.1,"dbQueryCount":17,"dbMs":74.9,"authMs":22.9}
{"timestamp":"2026-09-30T14:52:01.225Z","level":"info","event":"request_completed","route":"/staff/:stallSlug","requestId":"3eaf0968-e798-4107-b759-0f88598d6197","status":200,"totalMs":86.6,"dbQueryCount":17,"dbMs":86.3,"authMs":21.6}
{"timestamp":"2026-09-30T14:52:02.895Z","level":"info","event":"request_completed","route":"/staff/:stallSlug","requestId":"c7e8b1dd-9049-47de-9a93-dacad111708e","status":200,"totalMs":70.8,"dbQueryCount":17,"dbMs":70.5,"authMs":18.1}
{"timestamp":"2026-09-30T14:52:04.467Z","level":"info","event":"request_completed","route":"/kitchen","requestId":"b9af0355-fc24-4632-b126-c96ed5a92a11","status":200,"totalMs":98.1,"dbQueryCount":9,"dbMs":97.9,"authMs":39.6}
{"timestamp":"2026-09-30T14:52:05.328Z","level":"info","event":"request_completed","route":"/kitchen","requestId":"70cef239-6315-44c8-a8da-80440ccb6246","status":200,"totalMs":63.6,"dbQueryCount":9,"dbMs":63.4,"authMs":21.9}
{"timestamp":"2026-09-30T14:52:06.169Z","level":"info","event":"request_completed","route":"/kitchen","requestId":"c2b31661-ab4a-42ce-b949-80052889ab74","status":200,"totalMs":64.2,"dbQueryCount":9,"dbMs":64,"authMs":23.9}
{"timestamp":"2026-09-30T14:52:07.024Z","level":"info","event":"request_completed","route":"/kitchen","requestId":"df5e6cb9-a01f-4137-ad0f-6f2fe9cbc8b3","status":200,"totalMs":64.2,"dbQueryCount":9,"dbMs":64,"authMs":20.4}
{"timestamp":"2026-09-30T14:52:07.875Z","level":"info","event":"request_completed","route":"/kitchen","requestId":"e1cf1733-9ab5-4fe3-8dfa-9260b8639005","status":200,"totalMs":57.3,"dbQueryCount":9,"dbMs":57.2,"authMs":20.1}
{"timestamp":"2026-09-30T14:52:08.770Z","level":"info","event":"DATABASE_READ_ROUTED","operation":"hourly_sales_report","policy":"DR_PREFERRED_EVENTUAL","target":"PRIMARY","reason":"FEATURE_DISABLED"}
{"timestamp":"2026-09-30T14:52:08.770Z","level":"info","event":"DATABASE_READ_ROUTED","operation":"cancellation_reason_report","policy":"DR_PREFERRED_EVENTUAL","target":"PRIMARY","reason":"FEATURE_DISABLED"}
{"timestamp":"2026-09-30T14:52:08.776Z","level":"info","event":"request_completed","route":"/merchant/reports/overview","requestId":"c1bdac00-ee39-4753-bc52-5ed78df2fb91","status":200,"totalMs":37,"dbQueryCount":9,"dbMs":36.7,"authMs":14.1}
{"timestamp":"2026-09-30T14:52:09.739Z","level":"info","event":"DATABASE_READ_ROUTED","operation":"cancellation_reason_report","policy":"DR_PREFERRED_EVENTUAL","target":"PRIMARY","reason":"FEATURE_DISABLED"}
{"timestamp":"2026-09-30T14:52:09.739Z","level":"info","event":"DATABASE_READ_ROUTED","operation":"hourly_sales_report","policy":"DR_PREFERRED_EVENTUAL","target":"PRIMARY","reason":"FEATURE_DISABLED"}
{"timestamp":"2026-09-30T14:52:09.745Z","level":"info","event":"request_completed","route":"/merchant/reports/overview","requestId":"4bbb3a5c-42a1-4ca8-a53b-c661d933929e","status":200,"totalMs":39.1,"dbQueryCount":9,"dbMs":38.7,"authMs":21}
{"timestamp":"2026-09-30T14:52:10.728Z","level":"info","event":"DATABASE_READ_ROUTED","operation":"cancellation_reason_report","policy":"DR_PREFERRED_EVENTUAL","target":"PRIMARY","reason":"FEATURE_DISABLED"}
{"timestamp":"2026-09-30T14:52:10.728Z","level":"info","event":"DATABASE_READ_ROUTED","operation":"hourly_sales_report","policy":"DR_PREFERRED_EVENTUAL","target":"PRIMARY","reason":"FEATURE_DISABLED"}
{"timestamp":"2026-09-30T14:52:10.733Z","level":"info","event":"request_completed","route":"/merchant/reports/overview","requestId":"4f96a2d4-da5e-4af3-9399-2af50dbee7bd","status":200,"totalMs":27.7,"dbQueryCount":9,"dbMs":27.6,"authMs":14.1}
{"timestamp":"2026-09-30T14:52:11.690Z","level":"info","event":"DATABASE_READ_ROUTED","operation":"cancellation_reason_report","policy":"DR_PREFERRED_EVENTUAL","target":"PRIMARY","reason":"FEATURE_DISABLED"}
{"timestamp":"2026-09-30T14:52:11.690Z","level":"info","event":"DATABASE_READ_ROUTED","operation":"hourly_sales_report","policy":"DR_PREFERRED_EVENTUAL","target":"PRIMARY","reason":"FEATURE_DISABLED"}
{"timestamp":"2026-09-30T14:52:11.694Z","level":"info","event":"request_completed","route":"/merchant/reports/overview","requestId":"bec7e4f4-d211-4dce-933b-884ffc00b8dc","status":200,"totalMs":49.2,"dbQueryCount":9,"dbMs":49,"authMs":25.2}
{"timestamp":"2026-09-30T14:52:12.625Z","level":"info","event":"DATABASE_READ_ROUTED","operation":"cancellation_reason_report","policy":"DR_PREFERRED_EVENTUAL","target":"PRIMARY","reason":"FEATURE_DISABLED"}
{"timestamp":"2026-09-30T14:52:12.625Z","level":"info","event":"DATABASE_READ_ROUTED","operation":"hourly_sales_report","policy":"DR_PREFERRED_EVENTUAL","target":"PRIMARY","reason":"FEATURE_DISABLED"}
{"timestamp":"2026-09-30T14:52:12.639Z","level":"info","event":"request_completed","route":"/merchant/reports/overview","requestId":"4df415fe-ba0f-4224-b29b-7a40fa244144","status":200,"totalMs":34.5,"dbQueryCount":9,"dbMs":34.3,"authMs":12}
